post,201903,201904,201905,201906,201907,201908,201909,201910,201911,201912,202001,202002,202003,202004,202005,202006,202007,202008,202009,202010,202011,202012,202101,202102,202103,202104,202105,202106,202107,202108,202109,202110,202111,202112,202201,202202,202203,202204,202205,202206,202207,202208,202209,202210,202211,202212,202301,202302,202303,202304,202305,202306,202307,202308,202309,202310,total
"(V.1, N.1, P.1, 2018)",193,48,16,6,1,9,15,7,18,25,12,36,27,13,12,4,6,2,9,7,1,3,2,0,4,1,1,3,9,4,1,3,1,2,6,3,3,4,3,2,0,2,3,3,0,2,1,0,0,0,0,1,2,5,0,2,543
"(V.1, N.1, P.2, 2018)",58,13,10,11,1,10,7,8,38,18,13,22,2,27,9,26,13,5,9,7,3,2,4,6,12,19,5,17,11,15,2,6,8,2,6,3,11,3,3,0,5,3,9,10,5,0,5,8,2,5,6,5,1,7,6,8,530
"(V.1, N.1, P.3, 2018)",271,41,47,40,31,37,43,46,59,44,55,49,45,38,42,25,10,20,9,9,14,9,9,18,23,27,20,11,1,1,2,4,12,7,10,2,5,4,7,7,1,0,71,2,1,0,3,0,0,1,0,1,0,1,0,0,1235
"(V.1, N.1, P.4, 2018)",73,16,36,12,9,9,16,25,32,33,32,33,16,14,14,9,9,9,11,15,6,7,8,8,6,19,1,13,6,2,4,6,4,7,5,10,6,10,6,9,13,18,14,7,16,9,10,9,5,0,2,0,8,20,14,10,721
"(V.1, N.2, P.1, 2018)",116,16,7,8,7,12,10,23,19,10,13,25,23,6,12,12,14,34,14,10,8,6,2,5,9,9,5,5,32,6,5,1,0,1,0,6,3,1,5,27,4,7,9,3,1,5,1,7,4,14,12,4,5,6,7,7,623
"(V.1, N.2, P.2, 2018)",66,11,6,11,5,7,22,14,17,13,11,24,8,4,6,0,4,4,16,9,2,4,3,0,0,3,1,2,3,3,1,1,0,2,3,1,2,0,2,3,3,3,4,3,3,2,0,1,0,0,0,1,0,0,0,0,314
"(V.1, N.2, P.3, 2018)",233,48,60,44,49,46,52,66,68,41,55,65,54,65,89,104,113,108,12,24,34,108,55,88,183,227,125,255,83,60,57,82,149,81,41,36,148,77,113,123,64,80,91,85,112,61,25,47,37,56,88,75,33,74,55,39,4543
"(V.1, N.2, P.4, 2018)",211,31,32,53,17,13,30,38,38,30,31,59,38,67,40,54,44,33,8,14,6,19,21,16,15,23,16,25,17,11,3,15,8,11,14,20,8,20,23,23,31,18,36,12,23,14,22,11,6,4,7,18,17,30,10,18,1472
"(V.1, N.2, P.5, 2018)",114,30,29,35,32,61,61,95,77,58,48,46,53,51,80,63,46,27,18,26,9,7,8,5,13,25,16,35,25,12,7,23,26,14,10,16,44,40,41,49,29,43,42,37,40,22,22,28,2,1,11,40,19,48,54,48,1961
"(V.1, N.2, P.6, 2018)",188,16,21,16,13,14,19,27,44,26,21,37,20,16,22,9,4,4,15,7,2,4,0,6,14,10,2,4,2,1,1,3,6,2,0,0,1,2,4,4,2,9,5,6,10,2,2,3,7,7,7,1,0,3,2,6,679
"(V.1, N.2, P.7, 2018)",240,36,35,26,77,64,44,88,70,75,59,66,52,40,63,52,33,16,15,36,15,31,16,20,104,169,120,28,8,5,20,9,18,4,7,10,17,16,163,10,7,13,10,5,17,4,3,10,4,9,6,14,8,23,32,22,2164
"(V.1, N.2, P.8, 2018)",199,43,45,35,50,57,123,88,88,73,65,88,59,78,60,52,30,24,12,17,8,14,12,15,31,42,17,23,16,21,3,3,11,11,15,15,9,14,9,26,9,26,41,81,19,15,34,13,11,21,19,15,10,29,22,14,1980
"(V.1, N.2, P.9, 2018)",78,7,10,10,9,2,35,12,21,7,11,29,14,21,11,14,9,12,11,13,6,2,6,2,4,5,2,6,4,5,2,3,2,3,0,0,3,2,3,2,0,2,4,5,6,8,1,4,2,2,5,9,5,5,10,7,473
"(V.1, N.3, P.1, 2018)",157,13,14,12,7,20,23,26,30,25,28,37,33,11,10,9,4,16,11,6,5,18,16,17,39,30,30,6,1,3,0,2,7,7,3,9,8,3,2,3,0,6,4,1,6,2,3,3,1,0,0,2,0,6,3,4,742
"(V.1, N.3, P.2, 2018)",225,41,42,87,49,108,121,123,157,87,81,77,83,65,95,39,10,7,13,10,22,64,16,39,126,184,160,165,57,50,0,48,43,20,13,37,56,65,83,64,22,41,19,46,81,23,15,29,36,99,108,68,26,81,80,52,3658
"(V.1, N.3, P.3, 2018)",1791,16,42,20,15,26,46,56,71,47,29,56,31,30,41,23,13,7,7,8,3,3,0,0,15,22,1,8,2,7,0,2,2,4,2,6,5,12,1,5,9,6,10,0,3,2,0,24,4,3,2,0,1,2,12,6,2559
"(V.1, N.3, P.4, 2018)",81,17,9,9,10,12,15,37,28,19,21,30,14,10,13,6,7,9,8,8,7,4,6,5,11,10,3,10,1,3,4,7,1,2,2,1,2,1,3,2,4,5,2,3,0,1,0,0,6,1,2,2,1,2,4,5,486
"(V.1, N.3, P.5, 2018)",229,22,47,49,35,30,43,41,36,106,34,20,27,41,19,20,23,15,30,17,10,7,3,3,3,2,5,8,14,7,2,1,1,3,6,1,0,1,2,3,5,4,8,8,0,1,1,0,0,1,0,2,0,0,0,2,998
"(V.1, N.3, P.6, 2018)",146,45,20,22,21,15,23,33,71,61,47,61,42,45,43,21,24,21,11,11,3,6,11,29,52,55,21,15,8,3,1,0,2,2,9,16,6,9,4,3,0,3,4,1,4,1,0,1,1,1,0,1,0,1,3,1,1060
"(V.1, N.3, P.7, 2018)",82,4,4,3,1,3,4,3,6,12,37,19,7,7,2,2,0,4,5,3,0,2,1,0,6,2,6,0,1,1,0,2,0,4,1,2,5,1,16,3,3,3,3,3,7,3,2,1,1,3,2,3,1,3,2,1,302
"(V.1, N.3, P.8, 2018)",89,28,15,17,11,12,44,39,49,33,37,33,28,12,21,25,16,12,15,19,2,6,5,5,13,7,7,16,5,3,4,11,11,5,9,5,4,10,15,7,8,19,9,8,7,3,5,2,4,0,8,10,5,6,4,6,809
"(V.1, N.3, P.9, 2018)",104,13,46,37,20,137,75,76,46,61,44,70,49,34,44,76,79,53,18,16,15,22,21,16,91,112,100,141,96,62,80,145,138,118,67,76,102,139,265,178,84,193,207,157,157,99,50,76,43,113,121,91,76,145,161,127,4982
"(V.1, N.3, P.10, 2018)",95,6,16,35,55,35,36,41,31,39,106,72,20,25,20,17,17,17,10,15,3,6,16,25,44,57,31,15,8,0,4,0,2,4,1,3,4,3,2,7,2,7,7,9,1,1,2,0,6,4,7,1,3,8,17,11,1029
"(V.1, N.3, P.11, 2018)",134,28,36,56,43,96,95,97,100,68,70,59,70,63,95,69,66,83,13,20,37,77,31,58,78,119,68,72,29,22,6,37,67,41,15,31,146,38,48,86,157,41,29,35,74,23,12,18,35,252,57,23,43,41,59,32,3398
"(V.1, N.4, P.1, 2018)",208,29,21,17,15,17,11,13,26,18,13,27,13,11,17,8,3,2,15,5,3,8,1,1,5,4,5,1,1,1,0,0,1,0,0,0,1,1,0,0,1,0,1,2,1,0,0,1,0,2,1,0,3,4,1,3,542
"(V.1, N.4, P.2, 2018)",63,31,18,13,14,22,31,38,36,27,39,28,15,24,28,33,60,52,12,22,5,16,31,35,58,74,49,62,16,7,9,10,32,12,17,20,31,31,40,36,33,50,28,36,45,32,27,32,16,1,30,39,44,34,63,62,1769
"(V.1, N.4, P.3, 2018)",52,4,7,0,17,6,20,18,11,5,7,16,5,34,0,2,0,4,3,10,2,1,0,10,1,4,3,9,5,2,1,3,2,2,7,2,2,5,1,7,13,3,4,5,2,0,1,7,0,0,0,2,0,1,4,0,332
"(V.1, N.4, P.4, 2018)",233,58,73,95,82,55,55,87,89,50,54,88,74,49,61,37,21,34,20,24,6,7,6,6,7,11,6,12,7,6,4,4,13,10,9,8,5,9,8,11,6,10,9,11,5,2,6,3,2,2,5,2,1,2,6,5,1571
"(V.1, N.4, P.5, 2018)",72,10,11,17,9,5,23,51,59,16,12,86,14,21,17,9,2,11,11,19,3,10,2,2,5,9,1,4,4,5,42,7,6,4,1,1,5,6,7,4,1,8,4,5,3,4,5,6,2,5,5,5,1,6,7,12,682
"(V.1, N.4, P.6, 2018)",126,20,9,12,13,13,15,15,70,14,21,40,11,10,6,11,2,17,5,4,3,5,4,3,12,5,6,2,5,2,0,23,1,2,3,8,6,8,3,6,7,12,12,6,14,3,3,9,4,4,3,4,6,3,2,2,635
"(V.1, N.4, P.7, 2018)",100,39,31,32,23,48,80,127,110,98,89,153,141,127,145,228,324,391,44,62,63,218,177,262,429,318,210,259,177,137,134,162,192,137,132,185,272,235,204,254,187,414,381,310,292,148,117,179,132,261,215,239,161,284,342,231,10442
"(V.1, N.4, P.8, 2018)",63,14,9,6,7,12,21,77,67,67,63,73,54,55,38,33,25,34,10,12,8,1,7,59,37,45,23,20,15,4,2,27,27,49,58,30,32,22,27,16,10,22,14,14,17,17,26,22,8,22,18,6,6,11,9,11,1482
"(V.1, N.5, P.1, 2018)",101,32,25,38,69,39,43,59,44,36,48,51,28,33,28,18,11,11,6,8,5,9,10,7,9,14,4,13,9,3,3,10,6,4,2,12,90,10,9,10,141,12,6,3,4,8,2,4,10,180,4,0,0,0,2,3,1346
"(V.1, N.5, P.2, 2018)",98,44,40,72,81,83,105,111,101,84,84,76,86,83,93,70,73,94,14,42,16,54,53,59,133,144,78,111,67,41,57,119,76,54,43,35,95,84,57,55,70,69,71,71,66,66,46,48,8,20,31,34,16,33,33,25,3672
"(V.1, N.5, P.3, 2018)",84,18,23,14,18,32,60,76,138,55,47,109,37,36,47,14,15,20,16,25,10,27,9,7,24,14,4,17,23,2,1,35,39,18,11,4,10,10,30,21,13,17,12,32,176,24,14,8,7,8,12,28,15,7,18,21,1612
"(V.1, N.5, P.4, 2018)",136,54,26,29,46,39,27,51,36,24,23,28,10,27,29,12,8,15,8,19,3,11,12,13,20,36,8,15,2,4,6,5,7,7,8,3,11,7,6,4,2,6,3,3,4,4,6,4,4,7,6,4,4,4,10,11,917
"(V.1, N.5, P.5, 2018)",204,30,16,17,14,16,16,19,22,28,21,32,33,19,15,12,9,12,5,10,2,9,14,7,13,13,5,2,5,2,0,0,1,4,0,1,4,0,1,6,2,4,6,6,8,25,5,35,6,11,9,12,8,10,8,18,812
"(V.1, N.5, P.6, 2018)",88,10,10,6,4,12,15,36,50,29,28,50,30,23,13,18,24,9,6,8,4,1,0,2,1,0,1,2,2,0,3,1,1,1,0,2,3,2,6,2,7,5,3,7,4,5,5,4,1,4,1,0,1,8,6,1,565
"(V.1, N.5, P.7, 2018)",105,24,16,15,13,18,16,28,21,15,27,28,22,14,16,7,0,0,0,2,1,3,0,2,0,0,0,0,0,1,1,1,1,1,1,0,0,3,0,2,0,0,1,0,0,1,0,0,0,0,1,0,0,0,0,0,407
"(V.1, N.5, P.8, 2018)",53,9,16,8,35,28,47,38,58,21,26,31,15,28,40,56,36,31,7,11,9,27,27,20,63,73,62,42,17,12,0,13,12,20,10,14,25,23,21,37,35,32,33,52,45,40,30,15,11,30,57,29,24,31,29,26,1640
"(V.1, N.5, P.9, 2018)",56,14,16,15,14,13,14,18,29,16,11,25,14,30,14,6,0,1,6,1,0,5,0,0,2,3,0,0,0,0,0,1,1,0,0,0,0,4,0,0,0,0,1,1,1,1,0,0,0,1,0,2,1,0,0,0,337
"(V.1, N.5, P.10, 2018)",89,20,64,17,9,11,11,20,24,11,12,23,17,13,17,13,10,13,11,15,1,8,7,3,4,5,6,2,1,1,2,6,2,0,1,2,2,2,2,2,0,0,2,5,0,2,2,0,5,0,0,1,1,0,0,1,498
"(V.1, N.6, P.1, 2018)",56,12,18,21,17,20,28,48,49,25,18,40,21,28,45,24,10,23,10,15,6,2,3,7,4,6,2,10,11,20,3,10,0,1,6,10,1,4,4,28,2,8,5,4,3,3,0,0,3,3,6,3,0,1,4,0,711
"(V.1, N.6, P.2, 2018)",151,34,45,33,57,74,87,163,130,128,91,166,126,90,122,119,97,118,25,24,17,65,76,74,99,94,42,120,91,44,25,33,41,37,38,39,41,64,73,195,31,112,35,15,31,32,51,41,26,51,20,33,23,44,31,23,3787
"(V.1, N.6, P.3, 2018)",156,30,22,29,37,49,48,65,75,33,38,58,133,66,36,13,7,17,6,9,2,7,5,14,12,17,0,4,1,2,0,1,2,1,2,3,1,3,4,5,3,4,5,4,2,2,2,7,4,1,4,2,6,1,16,5,1081
"(V.1, N.6, P.4, 2018)",147,29,27,39,29,46,38,83,85,56,54,49,42,53,43,31,27,13,9,23,5,28,31,39,24,50,7,14,7,6,2,6,6,3,7,5,7,1,3,1,3,4,3,3,1,6,8,5,2,10,4,2,10,6,4,2,1248
"(V.1, N.6, P.5, 2018)",654,84,178,93,143,168,146,191,182,138,96,99,85,146,117,112,90,91,47,79,29,34,36,17,44,52,47,53,81,17,20,33,31,52,32,40,185,154,51,32,34,37,25,22,20,26,25,12,20,19,14,21,18,16,13,12,4313
"(V.1, N.7, P.1, 2018)",78,25,40,12,19,23,16,98,38,20,25,39,30,20,24,17,26,19,11,6,8,44,42,45,60,51,79,48,36,20,39,57,45,28,35,49,51,21,48,52,39,42,52,46,33,42,32,31,16,26,36,24,21,29,21,26,1960
"(V.1, N.7, P.2, 2018)",87,10,6,7,3,15,20,31,36,130,35,32,21,9,14,6,15,12,15,3,17,116,5,2,1,3,0,1,1,1,1,2,25,71,11,7,7,8,12,1,2,4,8,3,15,56,7,1,0,2,1,1,2,2,4,4,911
"(V.1, N.7, P.3, 2018)",98,18,11,15,8,28,36,65,42,32,36,85,44,28,42,45,56,42,9,23,2,18,17,9,19,16,9,20,51,6,4,15,5,13,22,8,9,26,7,13,6,14,15,8,8,5,9,12,1,56,6,4,8,13,6,3,1226
"(V.1, N.7, P.4, 2018)",59,14,13,17,15,17,28,104,209,65,28,72,71,48,64,78,24,43,10,8,29,40,32,61,84,81,25,24,13,11,8,15,20,16,9,65,61,43,35,12,13,35,74,60,30,14,9,68,41,56,39,14,27,28,23,6,2208
"(V.2, N.1, P.1, 2019)",62,35,41,51,37,40,46,93,90,54,46,43,44,38,52,44,47,39,12,14,8,22,22,28,38,32,15,43,31,14,12,44,40,14,26,17,17,14,14,14,28,42,45,43,26,29,0,52,14,42,59,56,35,47,42,45,1998
"(V.2, N.1, P.2, 2019)",56,33,23,28,19,23,34,76,106,36,24,68,54,31,47,24,25,60,10,11,5,10,20,30,69,56,13,22,6,8,7,4,5,5,10,14,14,7,24,7,5,12,11,12,13,4,12,27,25,20,23,5,8,23,21,20,1365
"(V.2, N.1, P.3, 2019)",87,18,15,7,19,5,4,25,22,29,24,26,21,30,20,23,4,8,6,3,2,2,5,1,7,4,6,27,6,2,2,5,3,3,1,0,1,1,2,5,3,8,10,3,4,0,1,2,0,9,7,4,1,2,1,1,537
"(V.2, N.1, P.4, 2019)",74,20,22,25,18,19,21,19,31,23,19,26,23,30,58,48,53,52,18,33,3,6,23,24,75,90,64,67,31,27,14,25,43,34,47,20,28,25,25,25,22,71,60,25,32,19,6,12,11,18,19,14,10,79,22,10,1758
"(V.2, N.2, P.1, 2019)",34,15,15,18,14,18,17,23,45,21,35,34,34,24,25,14,32,7,5,9,3,4,4,2,4,2,4,7,0,2,0,1,0,1,1,1,2,0,1,0,2,0,2,3,0,3,0,1,0,0,0,0,0,0,1,0,490
"(V.2, N.2, P.2, 2019)",43,24,45,36,41,48,76,102,100,71,47,84,68,70,123,135,71,62,15,44,17,55,40,67,135,102,78,91,38,28,27,38,50,30,17,12,20,25,19,13,12,12,19,18,30,19,18,45,12,24,41,26,6,18,22,30,2559
"(V.2, N.2, P.3, 2019)",44,27,34,27,20,35,31,56,38,37,47,62,53,37,44,63,66,64,17,22,11,19,27,42,62,43,14,46,16,10,13,35,18,7,13,36,31,30,21,28,26,35,24,17,19,13,15,42,18,39,35,31,12,26,30,39,1767
"(V.2, N.2, P.4, 2019)",39,13,6,8,2,4,24,38,91,40,14,26,9,9,13,5,32,10,3,2,1,5,18,11,5,9,6,31,10,7,2,9,5,5,3,5,3,1,3,4,8,5,9,1,4,4,3,1,0,0,3,7,0,2,2,1,581
"(V.2, N.3, P.1, 2019)",31,16,15,10,2,12,27,79,73,63,29,31,28,35,31,16,19,17,13,10,1,1,2,5,16,21,5,7,0,2,0,0,4,0,2,10,9,8,9,8,4,5,6,10,7,4,6,12,2,5,3,12,4,3,6,2,758
"(V.2, N.3, P.2, 2019)",29,17,28,10,7,6,10,22,25,16,18,35,11,14,16,13,10,8,6,6,3,0,6,9,23,11,16,1,10,1,2,3,0,2,0,2,4,0,0,4,1,5,4,1,0,3,0,1,3,1,4,0,4,0,1,0,432
"(V.2, N.3, P.3, 2019)",30,22,16,13,6,9,18,39,38,43,26,32,39,20,18,3,6,10,3,3,1,1,2,4,6,3,0,1,1,0,0,2,1,0,0,0,2,1,0,0,0,0,1,2,3,0,1,0,0,1,0,0,0,0,3,2,432
"(V.2, N.3, P.4, 2019)",325,92,37,11,5,7,6,4,18,8,14,18,8,5,7,9,139,21,11,12,12,14,9,16,41,35,6,20,6,6,7,8,6,7,5,7,10,2,9,8,5,9,10,8,18,4,4,2,1,10,12,9,6,6,28,17,1140
"(V.2, N.3, P.5, 2019)",17,45,15,5,2,135,20,21,19,16,12,22,10,37,40,25,38,15,9,7,17,5,13,26,72,62,39,47,28,7,0,11,12,10,14,19,32,23,9,28,12,16,42,127,101,56,77,181,48,112,109,82,63,72,72,98,2252
"(V.2, N.4, P.1, 2019)",0,0,34,28,29,38,94,115,112,92,65,75,68,97,144,117,131,133,14,25,20,95,58,67,52,68,34,57,25,17,21,23,27,26,0,31,21,29,21,30,14,24,17,43,23,0,37,35,9,18,20,36,20,18,14,34,2495
"(V.2, N.4, P.2, 2019)",0,0,33,8,8,9,13,28,25,17,21,21,15,11,18,6,5,3,2,10,4,2,1,2,3,6,0,2,4,1,1,5,0,1,0,1,4,6,5,9,3,5,3,1,1,1,1,0,1,4,0,2,0,0,0,0,332
"(V.2, N.4, P.3, 2019)",0,0,31,32,12,19,24,46,79,23,20,29,4,6,12,12,1,2,10,5,44,4,0,1,2,1,1,243,7,4,1,0,2,3,2,0,9,1,5,8,1,1,7,4,2,2,5,3,4,2,0,0,2,3,2,0,743
"(V.2, N.4, P.4, 2019)",0,0,198,203,93,208,366,384,482,234,151,250,308,275,375,2220,3232,2708,254,344,787,1477,745,1377,3338,4061,2206,2754,1400,1471,1877,1665,2489,912,294,809,1578,1635,1941,1662,891,1574,2123,1623,1851,686,244,347,120,992,1743,1240,426,683,872,890,63068
"(V.2, N.4, P.5, 2019)",0,0,56,114,211,250,331,415,408,385,419,386,380,390,418,1355,1812,1633,148,215,348,1045,1064,1305,1577,1594,1027,1405,946,626,694,1011,762,660,843,669,792,645,806,837,729,933,957,979,931,876,962,983,451,1099,1033,1067,936,921,1069,879,42787
"(V.2, N.4, P.6, 2019)",0,0,22,19,31,25,18,46,50,43,22,30,22,16,12,26,11,22,4,22,7,8,10,7,13,16,6,46,9,5,4,4,9,4,4,7,12,8,7,30,13,9,14,20,20,10,9,6,7,8,14,19,20,10,14,15,865
"(V.2, N.5, P.1, 2019)",0,0,0,7,7,5,10,21,10,10,8,26,16,6,4,3,1,10,4,4,1,2,1,4,1,1,0,2,2,0,0,0,1,0,0,0,0,0,13,0,1,0,1,0,0,0,2,0,0,1,1,3,0,0,1,0,190
"(V.2, N.5, P.2, 2019)",0,0,0,6,15,15,17,34,39,25,25,46,29,22,21,28,27,22,9,26,5,40,55,36,61,83,41,48,34,16,11,48,34,24,34,13,20,24,29,161,28,88,42,29,25,25,26,22,9,21,28,53,23,28,19,16,1705
"(V.2, N.5, P.3, 2019)",0,0,0,8,3,6,2,6,12,4,9,16,6,4,38,3,0,1,7,5,3,0,1,3,1,6,5,0,21,2,3,0,0,0,2,3,0,2,49,1,2,0,1,3,2,0,0,1,0,3,1,2,0,0,1,1,249
"(V.2, N.5, P.4, 2019)",0,0,0,53,28,35,57,70,80,52,54,55,54,52,59,43,34,23,27,18,6,20,41,37,55,44,12,12,8,13,11,13,13,6,9,7,16,15,11,19,19,14,13,10,24,19,17,8,4,6,19,17,10,13,14,16,1385
"(V.2, N.5, P.5, 2019)",0,0,0,56,16,28,24,89,57,52,38,69,64,76,78,83,82,106,25,44,41,132,137,296,513,553,358,325,174,120,233,157,152,74,44,100,157,144,136,242,126,231,231,143,105,75,32,150,127,142,170,94,44,100,155,124,7124
"(V.2, N.6, P.1, 2019)",0,0,0,0,28,51,57,86,93,107,97,97,79,122,88,89,67,132,20,21,25,86,103,86,120,128,59,46,32,27,42,97,57,73,65,73,83,64,77,52,48,87,57,75,56,64,74,62,48,80,70,57,53,73,54,66,3653
"(V.2, N.6, P.2, 2019)",0,0,0,0,22,38,59,78,88,78,70,63,61,57,41,23,25,21,10,11,12,29,28,24,36,44,16,25,15,10,2,9,10,14,4,14,8,11,23,12,11,21,20,11,22,26,14,16,10,13,21,8,11,12,19,16,1342
"(V.2, N.6, P.3, 2019)",0,0,0,0,7,6,10,11,21,16,23,26,5,19,16,10,16,23,5,9,4,10,12,15,24,18,9,7,21,1,1,2,12,5,6,5,3,7,16,7,10,6,7,10,9,5,4,4,0,13,7,9,7,11,7,6,523
"(V.2, N.6, P.4, 2019)",0,0,0,0,21,19,19,17,27,26,26,33,22,25,33,61,10,11,6,9,15,8,4,1,3,7,9,20,5,2,3,1,3,9,1,0,3,1,2,3,1,5,6,14,2,2,3,3,5,3,4,7,3,1,1,2,527
"(V.2, N.6, P.5, 2019)",0,0,0,0,26,10,16,11,5,12,2,14,7,10,16,4,1,3,4,7,2,5,4,2,3,7,5,3,3,1,2,10,19,1,0,5,0,1,1,1,2,4,7,5,1,3,1,3,10,2,3,6,2,5,3,5,285
"(V.2, N.7, P.1, 2019)",0,0,0,0,0,11,11,16,10,7,20,25,5,8,14,11,7,7,5,10,0,2,1,1,7,2,1,5,17,1,1,0,3,1,6,2,2,5,1,1,1,4,9,1,0,0,1,0,1,5,0,2,0,1,3,3,257
"(V.2, N.7, P.2, 2019)",0,0,0,0,0,16,4,9,13,11,15,27,12,5,21,7,3,7,1,34,5,1,1,1,3,3,0,4,11,1,0,0,2,0,1,3,1,0,0,3,2,4,4,0,0,0,0,4,0,0,0,3,1,0,0,1,244
"(V.2, N.7, P.3, 2019)",0,0,0,0,0,57,84,79,63,60,28,33,21,34,24,28,40,37,15,15,10,64,60,41,46,73,39,43,23,9,5,3,11,14,12,20,37,51,15,7,7,6,7,7,3,8,6,6,11,8,13,18,3,8,8,4,1324
"(V.2, N.7, P.4, 2019)",0,0,0,0,0,71,85,131,108,81,79,108,115,115,189,282,357,296,75,134,114,358,214,231,643,992,441,482,215,72,81,194,242,192,280,105,99,99,173,294,292,280,408,570,842,528,592,509,135,402,350,566,409,326,304,150,14410
"(V.2, N.7, P.5, 2019)",0,0,0,0,0,28,39,53,70,43,39,49,49,33,65,50,64,65,15,25,6,50,40,34,46,49,20,34,11,4,3,11,15,10,8,7,5,2,29,10,20,18,28,21,18,20,13,12,6,16,18,14,22,23,23,16,1369
"(V.2, N.7, P.6, 2019)",0,0,0,0,0,45,53,75,77,47,38,51,32,44,77,52,44,23,14,30,15,22,19,18,26,45,20,97,14,11,14,11,14,8,7,6,22,13,12,14,9,17,11,5,10,9,2,4,2,9,9,8,5,2,3,1,1216
"(V.2, N.8, P.1, 2019)",0,0,0,0,0,0,13,14,15,6,7,12,6,3,8,9,6,3,6,6,3,1,0,2,4,5,4,13,5,2,2,3,2,3,5,1,9,5,3,6,5,4,5,7,1,2,3,2,0,2,4,2,5,2,5,4,245
"(V.2, N.8, P.2, 2019)",0,0,0,0,0,0,17,20,17,6,10,28,8,25,10,5,2,8,3,8,4,2,1,0,5,5,1,10,3,2,19,2,1,1,3,1,1,1,1,3,5,2,3,0,1,1,0,0,0,1,4,2,4,9,3,4,272
"(V.2, N.8, P.3, 2019)",0,0,0,0,0,0,5,4,9,6,5,20,4,4,4,1,7,1,4,7,3,2,1,3,5,4,4,2,6,1,13,3,4,1,4,1,1,4,0,0,1,5,7,1,2,2,2,0,2,1,1,1,0,0,0,1,169
"(V.2, N.8, P.4, 2019)",0,0,0,0,0,0,98,78,81,39,43,63,83,82,70,39,38,24,13,21,6,9,14,9,27,24,15,59,28,12,94,23,18,10,13,19,15,20,32,35,9,14,14,17,26,3,7,2,2,13,12,5,7,16,9,22,1432
"(V.2, N.9, P.1, 2019)",0,0,0,0,0,0,0,16,23,18,10,36,35,29,33,47,24,25,10,17,16,24,15,27,79,85,33,44,40,7,9,35,24,30,9,15,22,13,22,17,21,37,26,34,58,34,21,19,1,22,20,23,23,25,9,19,1281
"(V.2, N.9, P.2, 2019)",0,0,0,0,0,0,0,16,36,21,15,28,16,32,17,14,6,12,15,18,6,20,20,18,19,21,8,14,10,7,1,5,6,1,6,4,11,3,5,1,4,3,5,1,1,1,3,0,0,0,2,4,2,3,2,4,467
"(V.2, N.9, P.3, 2019)",0,0,0,0,0,0,0,68,88,60,23,89,78,116,165,78,42,42,10,28,34,42,30,49,55,98,502,102,32,70,4,16,95,22,34,77,125,36,116,41,20,102,38,38,71,36,14,36,33,48,249,44,40,23,39,63,3361
"(V.2, N.9, P.4, 2019)",0,0,0,0,0,0,0,34,28,30,16,62,70,47,37,57,36,51,10,13,26,34,38,46,67,61,44,50,42,25,16,42,50,62,39,52,144,78,39,53,62,58,0,70,63,26,36,75,54,61,63,56,37,104,54,51,2369
"(V.2, N.9, P.5, 2019)",0,0,0,0,0,0,0,60,26,15,23,58,79,20,21,41,27,31,13,18,9,17,14,27,91,25,31,37,17,13,12,16,21,6,8,29,127,27,36,64,32,57,46,55,50,11,14,18,92,38,28,9,18,22,9,6,1564
"(V.2, N.10, P.1, 2019)",0,0,0,0,0,0,0,0,48,43,102,56,4,3,14,14,9,2,5,1,4,4,7,9,10,15,3,6,2,4,1,1,2,9,4,1,3,9,9,5,7,8,9,11,10,6,5,4,0,0,3,3,0,5,3,1,484
"(V.2, N.10, P.2, 2019)",0,0,0,0,0,0,0,0,7,21,3,20,11,10,11,9,8,3,6,10,2,9,4,11,18,21,27,8,3,7,4,3,3,5,1,44,2,3,2,7,6,13,8,8,5,4,5,6,1,3,3,4,5,7,4,5,390
"(V.2, N.10, P.3, 2019)",0,0,0,0,0,0,0,0,29,9,13,30,13,12,11,1,4,2,7,3,3,1,1,0,1,3,0,3,17,0,2,0,0,0,1,1,1,0,2,1,3,2,4,1,1,1,1,0,0,0,0,0,0,1,3,3,191
"(V.2, N.10, P.4, 2019)",0,0,0,0,0,0,0,0,53,25,14,18,11,9,15,2,4,7,7,6,2,1,1,2,9,3,3,2,29,0,1,5,4,1,1,1,2,0,0,11,5,4,8,11,3,7,1,2,0,5,7,1,0,2,8,1,314
"(V.2, N.10, P.5, 2019)",0,0,0,0,0,0,0,0,54,40,36,34,40,48,37,24,35,43,8,29,18,41,39,57,90,118,65,76,67,23,38,52,47,39,36,33,47,43,28,48,41,55,66,63,110,61,53,45,44,52,29,45,28,36,40,30,2231
"(V.2, N.11, P.1, 2019)",0,0,0,0,0,0,0,0,0,50,39,52,46,34,39,15,16,7,4,2,6,11,6,12,27,43,29,33,10,10,13,14,327,116,6,25,17,9,20,24,5,11,43,106,825,159,25,22,3,6,19,14,18,18,57,53,2446
"(V.2, N.11, P.2, 2019)",0,0,0,0,0,0,0,0,0,11,2,17,2,2,4,12,3,0,2,14,4,2,1,3,4,2,0,1,6,0,0,1,0,0,0,0,1,2,0,0,0,0,1,1,1,0,1,0,1,0,0,4,2,6,0,1,114
"(V.2, N.11, P.3, 2019)",0,0,0,0,0,0,0,0,0,10,9,27,4,2,4,4,2,2,2,0,1,0,0,1,1,1,0,0,25,6,0,1,0,1,3,6,8,2,3,3,2,8,5,1,4,2,4,0,0,0,0,1,1,5,1,1,163
"(V.2, N.11, P.4, 2019)",0,0,0,0,0,0,0,0,0,31,28,99,92,74,90,73,80,55,20,16,12,74,67,157,256,103,71,82,57,16,38,69,67,70,40,121,56,60,54,41,44,33,44,64,55,29,43,81,44,34,49,47,43,61,33,57,2930
"(V.2, N.12, P.1, 2019)",0,0,0,0,0,0,0,0,0,0,83,105,211,213,239,308,505,375,38,74,65,306,261,208,503,631,351,431,194,86,32,237,221,143,140,123,202,149,168,270,138,132,166,237,181,119,114,184,13,106,133,86,72,76,71,83,8783
"(V.2, N.12, P.2, 2019)",0,0,0,0,0,0,0,0,0,0,153,156,158,150,298,586,1114,1423,141,157,329,1893,2325,3740,2993,3194,1813,1905,1056,478,662,1193,1154,1276,1131,863,928,759,767,924,1085,932,1011,1184,968,1012,928,750,196,575,575,474,481,397,443,345,45075
"(V.2, N.12, P.3, 2019)",0,0,0,0,0,0,0,0,0,0,27,30,25,22,21,9,12,12,6,9,2,3,1,5,4,2,3,42,2,2,0,1,2,4,0,0,3,1,6,1,3,2,16,3,4,5,4,2,0,0,0,1,1,1,1,1,301
"(V.2, N.12, P.4, 2019)",0,0,0,0,0,0,0,0,0,0,53,66,28,39,42,79,85,114,45,52,14,29,107,145,182,167,134,157,86,58,283,260,235,211,214,157,220,182,235,199,162,223,413,294,196,113,90,116,65,250,376,183,120,129,255,187,7050
"(V.2, N.12, P.5, 2019)",0,0,0,0,0,0,0,0,0,0,31,93,23,26,31,13,14,15,10,6,5,3,23,41,62,56,54,67,29,21,5,35,12,9,6,7,8,13,3,27,18,6,11,12,3,1,3,1,0,12,3,5,2,4,20,7,856
"(V.2, N.12, P.6, 2019)",0,0,0,0,0,0,0,0,0,0,42,25,8,3,7,6,4,7,4,5,2,3,0,3,2,3,1,2,2,0,0,0,1,17,3,3,0,4,8,1,1,12,6,5,5,2,8,20,0,9,14,6,14,7,26,15,316
"(V.3, N.1, P.1, 2020)",0,0,0,0,0,0,0,0,0,0,0,35,8,5,15,4,3,6,4,6,1,0,3,2,1,2,7,5,1,6,2,0,1,1,1,0,2,1,1,3,0,0,2,1,1,0,0,4,0,0,0,1,0,1,1,0,137
"(V.3, N.1, P.2, 2020)",0,0,0,0,0,0,0,0,0,0,0,33,22,17,36,48,50,61,9,20,11,20,19,33,64,40,48,32,21,5,11,20,15,9,11,15,25,9,36,48,21,26,24,23,25,5,8,11,4,14,15,16,7,15,14,14,1030
"(V.3, N.1, P.3, 2020)",0,0,0,0,0,0,0,0,0,0,0,55,25,32,30,51,48,117,16,19,18,57,41,62,65,115,72,114,54,24,41,111,148,102,38,95,113,73,85,119,124,135,139,153,225,93,72,93,45,107,179,114,67,112,124,162,3884
"(V.3, N.1, P.4, 2020)",0,0,0,0,0,0,0,0,0,0,0,41,10,11,22,28,26,57,7,6,4,2,25,23,38,39,23,76,24,8,28,57,25,25,12,23,16,23,35,37,15,28,40,31,31,13,6,16,6,14,20,11,13,14,39,20,1068
"(V.3, N.2, P.1, 2020)",0,0,0,0,0,0,0,0,0,0,0,0,87,117,118,165,195,307,44,46,71,229,299,270,491,438,275,362,300,301,155,367,279,346,353,383,425,390,318,322,297,317,409,390,412,424,447,512,188,487,584,436,359,368,366,423,13872
"(V.3, N.2, P.2, 2020)",0,0,0,0,0,0,0,0,0,0,0,0,42,66,98,86,91,85,14,21,12,73,41,49,87,95,52,99,40,19,23,50,59,21,29,12,36,44,63,53,24,53,40,34,32,23,27,39,44,104,150,119,64,45,58,80,2396
"(V.3, N.2, P.3, 2020)",0,0,0,0,0,0,0,0,0,0,0,0,57,24,24,38,50,47,12,13,15,39,35,107,143,133,71,72,58,24,20,76,35,16,28,64,58,87,165,75,58,94,103,89,100,36,40,106,75,147,152,92,57,104,92,55,2986
"(V.3, N.2, P.4, 2020)",0,0,0,0,0,0,0,0,0,0,0,0,31,13,20,76,86,71,24,34,36,52,67,39,100,87,54,292,98,27,70,130,183,63,90,102,105,88,102,70,324,3101,821,304,152,86,69,173,249,279,243,100,377,3069,710,293,12560
"(V.3, N.3, P.1, 2020)",0,0,0,0,0,0,0,0,0,0,0,0,0,65,65,53,43,37,9,17,1,19,31,25,44,34,28,10,2,2,2,4,2,3,0,2,2,2,0,0,0,3,4,1,4,1,0,3,2,1,2,3,2,0,0,0,528
"(V.3, N.3, P.2, 2020)",0,0,0,0,0,0,0,0,0,0,0,0,0,55,31,30,37,40,14,23,10,29,29,33,45,52,36,109,43,33,35,67,88,35,27,33,27,65,74,96,50,23,69,25,30,18,14,16,13,35,44,22,13,27,39,17,1651
"(V.3, N.3, P.3, 2020)",0,0,0,0,0,0,0,0,0,0,0,0,0,6,9,28,25,9,7,11,8,2,4,13,12,13,7,4,35,3,7,13,2,0,5,3,2,5,6,1,4,8,5,1,2,0,3,3,1,3,5,3,1,5,3,2,289
"(V.3, N.3, P.4, 2020)",0,0,0,0,0,0,0,0,0,0,0,0,0,13,16,6,7,8,6,5,9,1,1,0,1,0,2,16,3,3,0,0,0,0,2,1,1,0,0,0,1,0,2,1,1,0,0,0,1,1,2,0,0,1,0,1,112
"(V.3, N.3, P.5, 2020)",0,0,0,0,0,0,0,0,0,0,0,0,0,11,8,2,3,9,7,12,4,3,1,2,3,4,2,6,23,16,0,5,2,2,2,3,3,1,1,11,6,4,8,4,11,0,2,4,2,4,7,14,2,10,7,7,238
"(V.3, N.3, P.6, 2020)",0,0,0,0,0,0,0,0,0,0,0,0,0,45,16,4,1,2,4,6,2,2,1,0,1,0,0,1,5,1,0,1,2,0,1,1,0,1,0,0,0,1,2,0,4,0,0,1,0,1,0,0,0,2,2,0,110
"(V.3, N.4, P.1, 2020)",0,0,0,0,0,0,0,0,0,0,0,0,0,21,6,0,6,4,3,0,3,6,5,4,4,1,0,0,14,5,1,0,0,0,0,0,0,0,0,0,0,2,6,2,0,0,0,0,0,0,1,0,0,3,1,3,101
"(V.3, N.4, P.2, 2020)",0,0,0,0,0,0,0,0,0,0,0,0,0,0,12,1,1,3,3,4,4,0,0,0,0,0,0,1,1,2,2,0,3,0,1,1,1,0,0,0,0,0,1,0,0,0,0,0,1,2,0,0,0,0,0,1,45
"(V.3, N.4, P.3, 2020)",0,0,0,0,0,0,0,0,0,0,0,0,0,0,123,151,154,102,23,30,9,21,40,36,61,26,16,53,23,24,3,23,9,10,19,4,11,5,9,18,4,9,7,9,17,6,2,8,7,3,2,11,0,3,2,5,1098
"(V.3, N.4, P.4, 2020)",0,0,0,0,0,0,0,0,0,0,0,0,0,0,12,13,17,13,7,12,2,2,0,1,0,0,0,0,7,0,0,2,0,0,1,2,0,0,1,1,0,2,2,0,0,0,0,0,0,0,0,0,0,0,0,0,97
"(V.3, N.4, P.5, 2020)",0,0,0,0,0,0,0,0,0,0,0,0,0,0,28,14,9,13,5,6,6,2,1,2,1,1,0,1,4,0,0,6,0,0,0,0,3,0,3,0,0,0,0,2,2,0,1,1,0,0,0,0,0,0,0,2,113
"(V.3, N.4, P.6, 2020)",0,0,0,0,0,0,0,0,0,0,0,0,0,0,10,1,2,5,0,4,1,1,1,0,1,1,0,1,0,1,0,10,1,0,0,0,0,0,0,1,0,0,1,0,1,0,1,0,0,0,0,0,0,2,0,0,46
"(V.3, N.4, P.7, 2020)",0,0,0,0,0,0,0,0,0,0,0,0,0,0,49,27,18,15,15,16,5,10,17,7,23,18,11,10,2,3,1,1,0,0,0,1,0,2,1,0,1,2,2,2,0,0,0,0,0,0,0,0,0,0,0,4,263
"(V.3, N.4, P.8, 2020)",0,0,0,0,0,0,0,0,0,0,0,0,0,0,14,3,1,3,3,1,3,0,0,1,0,0,0,1,0,0,0,11,4,0,1,1,0,0,0,0,0,0,1,0,0,0,0,0,0,0,0,0,0,0,0,1,49
"(V.3, N.4, P.9, 2020)",0,0,0,0,0,0,0,0,0,0,0,0,0,0,325,448,428,325,42,46,35,287,284,206,485,271,127,125,46,30,52,54,69,57,141,34,25,29,25,31,29,38,41,60,48,55,39,22,1,7,1,5,9,18,19,9,4428
"(V.3, N.4, P.10, 2020)",0,0,0,0,0,0,0,0,0,0,0,0,0,0,325,341,357,225,37,25,40,254,328,239,756,440,216,382,116,65,91,115,105,122,297,108,60,72,65,129,92,79,74,71,77,60,78,78,43,100,141,71,83,117,151,102,6727
"(V.3, N.4, P.11, 2020)",0,0,0,0,0,0,0,0,0,0,0,0,0,0,29,9,7,19,6,7,4,4,0,1,14,12,2,3,1,0,1,5,1,6,1,0,0,0,0,2,0,0,2,0,0,0,1,0,0,0,0,0,0,0,0,0,137
"(V.3, N.4, P.12, 2020)",0,0,0,0,0,0,0,0,0,0,0,0,0,0,7,4,3,3,3,4,2,0,1,0,1,1,0,0,0,0,0,0,0,0,9,1,0,0,1,0,0,0,0,0,0,0,0,1,0,0,1,0,1,0,1,0,44
"(V.3, N.4, P.13, 2020)",0,0,0,0,0,0,0,0,0,0,0,0,0,0,20,10,17,29,5,16,8,68,94,86,112,114,70,33,16,12,13,25,31,50,49,44,21,12,18,19,15,21,40,32,23,16,10,14,4,17,20,19,15,21,22,20,1301
"(V.3, N.4, P.14, 2020)",0,0,0,0,0,0,0,0,0,0,0,0,0,0,88,21,19,12,6,10,2,5,6,4,8,11,3,8,1,5,3,7,1,1,13,0,1,2,0,0,3,4,1,0,7,5,2,0,10,0,0,2,0,2,5,0,278
"(V.3, N.5, P.1, 2020)",0,0,0,0,0,0,0,0,0,0,0,0,0,0,0,9,6,1,6,5,3,0,1,0,0,1,1,0,2,0,1,1,0,0,0,25,1,0,0,0,1,0,1,0,0,0,0,0,0,2,0,0,0,0,0,0,67
"(V.3, N.5, P.2, 2020)",0,0,0,0,0,0,0,0,0,0,0,0,0,0,0,15,7,10,8,10,3,5,3,1,5,12,3,1,2,2,0,1,1,1,1,6,7,0,3,2,2,0,1,6,1,0,0,3,1,5,3,2,0,1,0,0,134
"(V.3, N.5, P.3, 2020)",0,0,0,0,0,0,0,0,0,0,0,0,0,0,0,7,0,4,3,3,2,2,0,0,1,1,0,1,8,0,0,0,0,0,0,9,18,2,0,1,0,0,2,0,0,0,0,2,0,0,0,2,0,1,0,0,69
"(V.3, N.5, P.4, 2020)",0,0,0,0,0,0,0,0,0,0,0,0,0,0,0,13,7,20,12,11,9,94,12,18,51,68,32,40,34,41,12,49,60,19,15,47,57,28,40,59,45,70,59,64,87,37,30,34,34,150,87,96,53,79,88,58,1919
"(V.3, N.5, P.5, 2020)",0,0,0,0,0,0,0,0,0,0,0,0,0,0,0,5,0,9,2,2,4,1,0,0,0,1,1,0,3,0,0,0,1,0,0,0,8,4,0,0,0,0,1,0,0,0,0,1,1,0,0,0,0,1,0,2,47
"(V.3, N.5, P.6, 2020)",0,0,0,0,0,0,0,0,0,0,0,0,0,0,0,36,103,123,18,65,43,209,254,278,542,434,249,498,287,113,241,352,274,156,310,168,182,191,250,217,118,179,183,245,228,138,157,128,52,90,163,184,130,147,217,152,8104
"(V.3, N.5, P.7, 2020)",0,0,0,0,0,0,0,0,0,0,0,0,0,0,0,7,0,6,11,10,5,2,0,0,2,0,0,0,10,0,0,0,0,0,0,2,0,14,6,0,0,0,1,0,0,0,0,1,0,1,0,0,0,0,1,0,79
"(V.3, N.5, P.8, 2020)",0,0,0,0,0,0,0,0,0,0,0,0,0,0,0,9,0,7,5,1,0,2,0,0,0,0,0,2,24,0,0,0,0,0,0,0,0,1,5,0,0,0,0,1,0,0,0,1,0,0,2,0,0,0,0,0,60
"(V.3, N.5, P.9, 2020)",0,0,0,0,0,0,0,0,0,0,0,0,0,0,0,11,1,7,4,5,3,2,0,0,0,1,0,0,4,0,1,0,1,0,0,0,1,7,10,2,0,0,0,0,0,0,0,0,0,0,0,0,1,0,0,0,61
"(V.3, N.6, P.1, 2020)",0,0,0,0,0,0,0,0,0,0,0,0,0,0,0,0,9,25,12,12,3,26,6,13,23,31,9,7,21,8,7,7,11,6,24,14,3,18,18,11,5,5,10,11,17,4,5,10,3,7,7,15,18,10,11,5,467
"(V.3, N.6, P.2, 2020)",0,0,0,0,0,0,0,0,0,0,0,0,0,0,0,0,1,5,2,4,2,0,0,0,0,2,1,1,5,0,0,1,1,0,0,0,0,8,14,2,0,2,1,0,0,0,0,0,0,0,0,1,0,0,0,0,53
"(V.3, N.6, P.3, 2020)",0,0,0,0,0,0,0,0,0,0,0,0,0,0,0,0,10,9,5,11,4,5,10,9,15,9,9,8,3,1,0,1,1,9,5,2,1,1,0,0,2,3,5,0,1,0,0,0,0,1,0,0,0,0,0,0,140
"(V.3, N.6, P.4, 2020)",0,0,0,0,0,0,0,0,0,0,0,0,0,0,0,0,2,4,5,4,2,0,0,0,0,1,0,1,0,1,0,0,0,0,0,0,1,0,19,5,0,0,3,0,0,0,1,0,0,0,0,0,1,0,2,0,52
"(V.3, N.6, P.5, 2020)",0,0,0,0,0,0,0,0,0,0,0,0,0,0,0,0,22,38,7,28,47,139,129,476,948,768,414,330,200,116,290,361,338,134,96,227,435,299,318,315,210,590,687,807,620,293,328,900,352,624,911,568,277,405,763,483,15293
"(V.3, N.6, P.6, 2020)",0,0,0,0,0,0,0,0,0,0,0,0,0,0,0,0,6,4,4,5,4,2,0,0,0,0,0,2,9,2,0,2,0,0,0,0,0,0,0,7,7,0,2,0,1,0,1,1,0,0,1,0,3,3,3,3,72
"(V.3, N.6, P.7, 2020)",0,0,0,0,0,0,0,0,0,0,0,0,0,0,0,0,59,22,11,10,6,11,11,12,7,19,13,39,14,4,2,11,23,20,4,6,40,27,17,11,20,53,21,13,31,11,13,13,17,8,15,9,8,10,13,14,668
"(V.3, N.6, P.8, 2020)",0,0,0,0,0,0,0,0,0,0,0,0,0,0,0,0,10,8,7,6,6,4,1,2,1,3,1,12,28,2,1,3,3,4,4,2,2,3,3,20,12,6,7,11,16,7,13,13,3,6,4,4,10,3,2,0,253
"(V.3, N.6, P.9, 2020)",0,0,0,0,0,0,0,0,0,0,0,0,0,0,0,0,123,36,11,21,10,11,12,6,25,30,14,166,57,9,5,17,18,10,10,12,28,12,14,35,3,4,4,6,2,4,5,2,1,2,0,16,6,5,3,0,755
"(V.3, N.6, P.10, 2020)",0,0,0,0,0,0,0,0,0,0,0,0,0,0,0,0,29,18,14,23,12,32,28,39,76,81,53,51,27,21,6,51,53,43,15,42,28,51,40,44,39,38,75,92,106,45,38,35,30,75,123,89,54,68,78,80,1942
"(V.3, N.7, P.1, 2020)",0,0,0,0,0,0,0,0,0,0,0,0,0,0,0,0,0,4,2,3,1,0,1,0,1,3,0,4,11,0,0,0,0,0,0,0,0,0,1,9,1,0,0,1,0,0,0,0,0,0,0,0,0,0,0,0,42
"(V.3, N.7, P.2, 2020)",0,0,0,0,0,0,0,0,0,0,0,0,0,0,0,0,0,51,19,12,6,15,23,22,17,20,8,48,29,9,17,49,29,24,49,11,28,22,19,29,19,19,28,25,47,34,33,25,12,22,11,18,13,11,16,33,922
"(V.3, N.7, P.3, 2020)",0,0,0,0,0,0,0,0,0,0,0,0,0,0,0,0,0,7,8,3,2,2,2,5,4,5,2,7,34,0,0,0,1,0,0,0,4,0,3,2,10,2,3,0,4,0,2,3,4,4,4,6,37,5,3,7,185
"(V.3, N.7, P.4, 2020)",0,0,0,0,0,0,0,0,0,0,0,0,0,0,0,0,0,16,11,10,2,7,10,21,68,37,16,8,7,5,12,5,11,1,3,12,29,22,3,12,24,19,20,26,15,6,8,45,38,27,27,11,8,10,15,10,637
"(V.3, N.7, P.5, 2020)",0,0,0,0,0,0,0,0,0,0,0,0,0,0,0,0,0,17,10,19,5,18,11,15,16,8,8,9,3,7,8,6,10,21,6,7,10,9,12,34,25,17,15,2,15,16,20,17,6,1,15,13,7,10,4,19,471
"(V.3, N.8, P.1, 2020)",0,0,0,0,0,0,0,0,0,0,0,0,0,0,0,0,0,0,2,5,1,0,0,1,0,0,0,1,2,0,0,1,0,0,0,0,0,0,1,1,1,0,0,1,0,0,1,4,2,0,0,0,1,0,0,0,25
"(V.3, N.8, P.2, 2020)",0,0,0,0,0,0,0,0,0,0,0,0,0,0,0,0,0,0,11,19,14,40,73,102,242,187,127,92,121,26,13,29,27,23,21,10,39,19,14,36,33,55,29,15,18,11,7,15,7,12,7,10,7,4,16,9,1540
"(V.3, N.8, P.3, 2020)",0,0,0,0,0,0,0,0,0,0,0,0,0,0,0,0,0,0,13,13,7,12,14,13,29,33,14,21,34,8,9,23,20,12,9,12,20,28,23,18,14,30,19,18,16,19,17,10,16,14,26,13,12,13,20,24,666
"(V.3, N.8, P.4, 2020)",0,0,0,0,0,0,0,0,0,0,0,0,0,0,0,0,0,0,5,22,10,32,20,26,59,88,35,21,10,6,4,9,11,3,2,4,12,5,13,44,10,7,18,3,2,1,6,8,2,0,3,7,3,1,0,5,517
"(V.3, N.8, P.5, 2020)",0,0,0,0,0,0,0,0,0,0,0,0,0,0,0,0,0,0,17,16,14,71,66,50,253,170,89,17,6,7,6,4,0,2,1,0,0,0,0,1,0,2,5,4,1,1,0,3,0,0,1,0,2,1,0,0,810
"(V.3, N.8, P.6, 2020)",0,0,0,0,0,0,0,0,0,0,0,0,0,0,0,0,0,0,19,10,6,17,22,15,13,19,23,29,5,0,5,31,1,4,2,5,19,10,19,10,14,31,27,3,6,2,4,5,5,5,61,7,2,8,12,40,516
"(V.3, N.9, P.1, 2020)",0,0,0,0,0,0,0,0,0,0,0,0,0,0,0,0,0,0,0,5,14,36,31,32,251,280,34,34,12,4,5,10,3,4,1,7,3,4,3,12,4,8,23,5,3,2,1,3,1,1,10,2,0,5,10,0,863
"(V.3, N.9, P.2, 2020)",0,0,0,0,0,0,0,0,0,0,0,0,0,0,0,0,0,0,0,8,6,2,1,1,4,4,3,4,0,0,1,2,1,1,1,0,1,3,0,1,0,1,35,5,4,0,3,4,10,0,6,3,1,3,4,2,125
"(V.3, N.9, P.3, 2020)",0,0,0,0,0,0,0,0,0,0,0,0,0,0,0,0,0,0,0,58,37,257,353,439,902,1150,866,1225,922,593,469,782,749,503,626,527,557,653,689,878,684,655,735,750,628,715,688,866,137,598,686,585,763,615,623,548,23511
"(V.3, N.9, P.4, 2020)",0,0,0,0,0,0,0,0,0,0,0,0,0,0,0,0,0,0,0,35,2,13,14,13,11,16,4,14,3,1,4,3,13,5,12,0,4,5,3,22,7,6,24,9,5,5,7,7,1,7,8,6,1,5,0,3,298
"(V.3, N.10, P.1, 2020)",0,0,0,0,0,0,0,0,0,0,0,0,0,0,0,0,0,0,0,0,794,1710,580,749,1451,1625,852,1163,384,182,312,417,422,212,103,115,283,247,237,221,73,114,174,244,202,70,38,77,105,127,133,97,31,68,104,85,13801
"(V.3, N.10, P.2, 2020)",0,0,0,0,0,0,0,0,0,0,0,0,0,0,0,0,0,0,0,0,7,4,2,1,3,6,4,2,0,0,0,1,0,0,1,3,2,1,16,5,4,8,7,5,6,6,7,11,6,4,10,5,4,7,10,7,165
"(V.3, N.10, P.3, 2020)",0,0,0,0,0,0,0,0,0,0,0,0,0,0,0,0,0,0,0,0,9,103,159,103,106,70,63,139,121,22,19,93,47,57,65,51,70,77,103,116,105,95,66,168,1197,99,84,70,6,61,31,36,48,48,41,40,3788
"(V.3, N.10, P.4, 2020)",0,0,0,0,0,0,0,0,0,0,0,0,0,0,0,0,0,0,0,0,3,11,7,17,24,23,17,9,4,4,1,5,16,2,3,7,4,13,15,9,6,18,34,46,21,18,15,12,5,25,53,26,12,24,20,17,546
"(V.3, N.11, P.1, 2020)",0,0,0,0,0,0,0,0,0,0,0,0,0,0,0,0,0,0,0,0,38,6,18,26,86,85,52,45,20,22,25,22,20,12,5,22,15,30,24,30,25,21,44,34,20,15,12,18,1,13,36,28,13,24,22,25,954
"(V.3, N.11, P.2, 2020)",0,0,0,0,0,0,0,0,0,0,0,0,0,0,0,0,0,0,0,0,72,5,2,6,4,6,5,5,0,1,0,0,3,1,0,0,3,2,1,1,0,3,3,16,5,5,1,1,11,2,0,2,7,1,2,6,182
"(V.3, N.11, P.3, 2020)",0,0,0,0,0,0,0,0,0,0,0,0,0,0,0,0,0,0,0,0,48,11,9,12,39,110,20,37,14,9,1,16,12,6,6,8,13,15,22,62,5,13,6,19,2,1,6,2,1,4,1,0,0,2,1,1,534
"(V.3, N.11, P.4, 2020)",0,0,0,0,0,0,0,0,0,0,0,0,0,0,0,0,0,0,0,0,38,28,101,194,231,281,204,368,254,115,103,217,145,133,135,105,112,108,91,130,148,217,303,183,232,241,2051,830,271,90,69,43,22,59,28,30,7910
"(V.3, N.11, P.5, 2020)",0,0,0,0,0,0,0,0,0,0,0,0,0,0,0,0,0,0,0,0,118,257,27,17,24,18,16,7,6,8,3,4,4,3,1,2,0,0,1,1,2,1,4,0,2,0,2,0,1,0,0,0,0,0,0,0,529
"(V.3, N.12, P.1, 2020)",0,0,0,0,0,0,0,0,0,0,0,0,0,0,0,0,0,0,0,0,0,87,0,2,7,16,3,5,3,1,0,1,6,2,0,1,4,1,2,3,8,4,5,0,36,5,0,1,3,1,0,2,14,6,1,0,230
"(V.3, N.12, P.2, 2020)",0,0,0,0,0,0,0,0,0,0,0,0,0,0,0,0,0,0,0,0,0,35,6,8,21,24,7,10,9,2,6,5,3,8,2,7,2,2,3,9,3,11,5,4,23,6,4,1,5,16,7,1,4,7,12,3,281
"(V.3, N.12, P.3, 2020)",0,0,0,0,0,0,0,0,0,0,0,0,0,0,0,0,0,0,0,0,0,30,41,5,23,13,6,2,6,1,0,1,0,0,1,0,1,0,0,0,0,7,7,0,0,0,1,0,0,0,0,1,0,0,0,0,146
"(V.3, N.12, P.4, 2020)",0,0,0,0,0,0,0,0,0,0,0,0,0,0,0,0,0,0,0,0,0,56,2,9,46,70,19,24,4,5,0,4,10,1,0,4,0,2,1,4,1,6,6,3,4,2,2,1,0,0,3,1,0,4,2,1,297
"(V.3, N.12, P.5, 2020)",0,0,0,0,0,0,0,0,0,0,0,0,0,0,0,0,0,0,0,0,0,20,6,24,14,16,9,0,0,1,0,1,0,19,2,2,0,0,3,2,2,1,6,1,14,3,0,1,1,2,4,0,2,2,2,1,161
"(V.4, N.1, P.1, 2021)",0,0,0,0,0,0,0,0,0,0,0,0,0,0,0,0,0,0,0,0,0,0,224,1147,5104,3617,4103,1354,133,33,51,71,128,17,16,12,3,3,10,26,10,11,13,31,28,23,14,13,13,21,19,13,23,8,13,9,16314
"(V.4, N.1, P.2, 2021)",0,0,0,0,0,0,0,0,0,0,0,0,0,0,0,0,0,0,0,0,0,0,22,68,182,258,181,316,462,101,146,454,260,182,166,181,208,244,218,283,298,385,558,1058,939,575,542,569,291,477,418,338,220,374,466,637,12077
"(V.4, N.1, P.3, 2021)",0,0,0,0,0,0,0,0,0,0,0,0,0,0,0,0,0,0,0,0,0,0,1,3,5,13,5,10,26,5,5,3,2,0,6,4,6,6,10,6,6,10,11,5,5,11,5,5,8,11,13,3,2,5,7,2,225
"(V.4, N.1, P.4, 2021)",0,0,0,0,0,0,0,0,0,0,0,0,0,0,0,0,0,0,0,0,0,0,0,4,1,1,2,4,18,2,1,1,0,0,1,1,4,0,0,0,0,4,4,5,2,12,4,1,1,0,0,1,7,1,1,3,86
"(V.4, N.2, P.1, 2021)",0,0,0,0,0,0,0,0,0,0,0,0,0,0,0,0,0,0,0,0,0,0,0,17,24,89,54,42,16,8,5,19,45,12,2,12,32,23,51,41,17,45,44,57,70,23,7,21,8,14,26,21,9,12,8,8,882
"(V.4, N.2, P.2, 2021)",0,0,0,0,0,0,0,0,0,0,0,0,0,0,0,0,0,0,0,0,0,0,0,1,3,3,1,4,0,2,5,0,1,3,0,0,1,1,3,2,1,1,1,14,3,5,3,1,0,1,0,1,3,0,2,2,68
"(V.4, N.2, P.3, 2021)",0,0,0,0,0,0,0,0,0,0,0,0,0,0,0,0,0,0,0,0,0,0,0,9,6,11,38,10,33,2,6,16,22,21,24,19,14,9,14,20,46,14,18,13,8,11,105,36,3,5,19,14,17,14,10,5,612
"(V.4, N.2, P.4, 2021)",0,0,0,0,0,0,0,0,0,0,0,0,0,0,0,0,0,0,0,0,0,0,0,0,1,12,2,7,6,1,10,2,0,4,1,1,0,1,2,3,3,3,3,2,6,0,2,36,2,13,2,10,4,5,10,5,159
"(V.4, N.3, P.1, 2021)",0,0,0,0,0,0,0,0,0,0,0,0,0,0,0,0,0,0,0,0,0,0,0,0,15,117,216,270,344,238,276,362,285,241,284,306,346,284,302,367,384,374,433,501,534,455,559,623,226,495,567,423,467,442,416,485,11637
"(V.4, N.3, P.2, 2021)",0,0,0,0,0,0,0,0,0,0,0,0,0,0,0,0,0,0,0,0,0,0,0,0,8,28,6,4,34,2,1,1,1,5,0,2,1,3,1,6,7,11,4,6,7,7,4,70,2,0,0,2,3,0,0,4,230
"(V.4, N.3, P.3, 2021)",0,0,0,0,0,0,0,0,0,0,0,0,0,0,0,0,0,0,0,0,0,0,0,0,1,1,0,2,17,3,2,5,2,2,0,1,4,2,5,2,11,21,13,12,30,12,11,19,24,22,29,37,23,16,31,37,397
"(V.4, N.3, P.4, 2021)",0,0,0,0,0,0,0,0,0,0,0,0,0,0,0,0,0,0,0,0,0,0,0,0,0,15,18,5,32,6,1,13,12,5,8,3,11,8,19,42,18,14,23,20,24,10,12,10,18,17,9,21,10,9,24,16,453
"(V.4, N.3, P.5, 2021)",0,0,0,0,0,0,0,0,0,0,0,0,0,0,0,0,0,0,0,0,0,0,0,0,0,16,13,11,41,2,1,8,3,8,4,11,17,6,10,18,9,6,12,13,14,15,8,9,39,12,10,21,8,17,21,38,421
"(V.4, N.4, P.1, 2021)",0,0,0,0,0,0,0,0,0,0,0,0,0,0,0,0,0,0,0,0,0,0,0,0,0,65,145,189,319,93,87,121,210,125,72,194,209,167,192,168,125,174,199,202,204,182,185,423,211,436,404,287,220,336,413,288,6645
"(V.4, N.4, P.2, 2021)",0,0,0,0,0,0,0,0,0,0,0,0,0,0,0,0,0,0,0,0,0,0,0,0,0,9,28,27,67,10,0,2,21,17,21,9,8,9,6,3,6,10,8,8,4,15,19,21,5,24,7,19,9,6,4,4,406
"(V.4, N.4, P.3, 2021)",0,0,0,0,0,0,0,0,0,0,0,0,0,0,0,0,0,0,0,0,0,0,0,0,0,4,31,52,140,16,24,41,44,13,12,19,25,24,26,62,46,95,112,189,277,143,147,209,36,218,286,247,150,223,256,163,3330
"(V.4, N.4, P.4, 2021)",0,0,0,0,0,0,0,0,0,0,0,0,0,0,0,0,0,0,0,0,0,0,0,0,0,1,29,124,129,30,47,92,113,67,55,85,99,116,156,200,176,250,237,229,232,141,173,218,83,329,342,324,254,423,443,337,5534
"(V.4, N.5, P.1, 2021)",0,0,0,0,0,0,0,0,0,0,0,0,0,0,0,0,0,0,0,0,0,0,0,0,0,0,32,371,125,46,1,56,72,42,30,72,406,87,53,46,26,59,62,61,58,43,36,135,198,136,135,88,42,62,75,53,2708
"(V.4, N.5, P.2, 2021)",0,0,0,0,0,0,0,0,0,0,0,0,0,0,0,0,0,0,0,0,0,0,0,0,0,0,1,3,71,2,1,4,8,1,0,1,3,2,10,7,6,6,1,4,4,4,2,4,0,1,13,5,1,2,3,2,172
"(V.4, N.5, P.3, 2021)",0,0,0,0,0,0,0,0,0,0,0,0,0,0,0,0,0,0,0,0,0,0,0,0,0,0,7,277,471,313,492,443,658,275,78,128,390,346,368,523,207,483,555,526,429,186,62,193,516,337,354,302,129,169,222,287,9726
"(V.4, N.5, P.4, 2021)",0,0,0,0,0,0,0,0,0,0,0,0,0,0,0,0,0,0,0,0,0,0,0,0,0,0,0,19,75,45,10,22,49,45,23,37,60,27,22,67,40,50,58,99,136,102,62,46,25,37,110,61,39,19,28,26,1439
"(V.4, N.5, P.5, 2021)",0,0,0,0,0,0,0,0,0,0,0,0,0,0,0,0,0,0,0,0,0,0,0,0,0,0,0,111,30,7,0,1,1,3,2,0,1,1,17,28,3,2,1,2,7,0,1,1,0,0,5,45,1,3,0,3,276
"(V.4, N.6, P.1, 2021)",0,0,0,0,0,0,0,0,0,0,0,0,0,0,0,0,0,0,0,0,0,0,0,0,0,0,0,45,5,7,1,1,0,3,1,0,0,0,1,7,3,1,4,4,2,4,11,10,0,1,1,14,1,2,2,3,134
"(V.4, N.6, P.2, 2021)",0,0,0,0,0,0,0,0,0,0,0,0,0,0,0,0,0,0,0,0,0,0,0,0,0,0,0,19,15,5,2,2,2,1,1,3,2,1,2,4,11,3,3,4,9,1,20,2,0,9,0,9,4,6,9,8,157
"(V.4, N.6, P.3, 2021)",0,0,0,0,0,0,0,0,0,0,0,0,0,0,0,0,0,0,0,0,0,0,0,0,0,0,0,93,14,1,2,12,10,3,7,3,3,6,11,7,8,3,8,1,5,2,2,1,1,4,6,5,6,6,2,8,240
"(V.4, N.6, P.4, 2021)",0,0,0,0,0,0,0,0,0,0,0,0,0,0,0,0,0,0,0,0,0,0,0,0,0,0,0,52,19,42,3,0,0,2,17,2,0,0,1,0,1,2,1,1,0,36,0,3,3,5,0,3,11,1,2,3,210
"(V.4, N.7, P.1, 2021)",0,0,0,0,0,0,0,0,0,0,0,0,0,0,0,0,0,0,0,0,0,0,0,0,0,0,0,0,41,6,0,3,1,10,6,2,6,0,3,2,4,2,4,1,7,0,1,2,0,1,13,0,3,2,0,3,123
"(V.4, N.7, P.2, 2021)",0,0,0,0,0,0,0,0,0,0,0,0,0,0,0,0,0,0,0,0,0,0,0,0,0,0,0,0,22,8,0,5,1,0,2,0,0,0,0,1,0,0,0,0,0,0,0,2,0,0,0,0,1,2,4,0,48
"(V.4, N.7, P.3, 2021)",0,0,0,0,0,0,0,0,0,0,0,0,0,0,0,0,0,0,0,0,0,0,0,0,0,0,0,0,65,22,2,11,2,7,10,3,9,6,12,19,24,17,12,39,31,51,32,421,25,27,62,28,23,26,73,205,1264
"(V.4, N.7, P.4, 2021)",0,0,0,0,0,0,0,0,0,0,0,0,0,0,0,0,0,0,0,0,0,0,0,0,0,0,0,0,156,17,3,0,3,2,8,2,5,2,6,6,3,1,11,2,5,6,1,3,0,4,3,6,3,8,23,5,294
"(V.4, N.8, P.1, 2021)",0,0,0,0,0,0,0,0,0,0,0,0,0,0,0,0,0,0,0,0,0,0,0,0,0,0,0,0,0,0,8,10,8,1,7,9,1,2,0,4,0,0,2,1,1,1,0,2,0,6,5,3,1,3,2,0,77
"(V.4, N.8, P.2, 2021)",0,0,0,0,0,0,0,0,0,0,0,0,0,0,0,0,0,0,0,0,0,0,0,0,0,0,0,0,0,0,18,91,109,59,88,42,43,48,41,50,57,71,138,282,386,299,325,280,130,310,359,254,160,152,153,229,4174
"(V.4, N.8, P.3, 2021)",0,0,0,0,0,0,0,0,0,0,0,0,0,0,0,0,0,0,0,0,0,0,0,0,0,0,0,0,0,0,5,2,0,0,1,2,0,0,1,2,0,0,1,2,0,2,1,1,0,1,0,1,1,2,1,10,36
"(V.4, N.8, P.4, 2021)",0,0,0,0,0,0,0,0,0,0,0,0,0,0,0,0,0,0,0,0,0,0,0,0,0,0,0,0,0,0,7,3,0,2,0,0,0,0,1,2,0,2,2,1,1,1,40,0,0,1,1,1,1,2,0,4,72
"(V.4, N.8, P.5, 2021)",0,0,0,0,0,0,0,0,0,0,0,0,0,0,0,0,0,0,0,0,0,0,0,0,0,0,0,0,0,0,20,12,19,10,8,6,2,3,7,8,2,4,5,3,4,5,5,7,3,5,5,8,11,2,7,2,173
"(V.4, N.9, P.1, 2021)",0,0,0,0,0,0,0,0,0,0,0,0,0,0,0,0,0,0,0,0,0,0,0,0,0,0,0,0,0,0,0,25,30,36,27,28,42,33,45,60,77,292,114,89,60,51,95,95,41,79,81,104,110,527,104,306,2551
"(V.4, N.9, P.2, 2021)",0,0,0,0,0,0,0,0,0,0,0,0,0,0,0,0,0,0,0,0,0,0,0,0,0,0,0,0,0,0,0,8,2,4,4,9,5,5,2,15,7,2,8,11,2,8,6,4,8,2,0,0,0,0,0,6,118
"(V.4, N.9, P.3, 2021)",0,0,0,0,0,0,0,0,0,0,0,0,0,0,0,0,0,0,0,0,0,0,0,0,0,0,0,0,0,0,0,20,39,28,13,16,38,4,3,3,4,7,4,7,5,2,3,0,3,7,6,5,8,8,2,2,237
"(V.4, N.9, P.4, 2021)",0,0,0,0,0,0,0,0,0,0,0,0,0,0,0,0,0,0,0,0,0,0,0,0,0,0,0,0,0,0,0,10,5,2,0,2,26,12,5,0,0,1,2,4,3,0,3,15,2,0,0,1,1,0,4,2,100
"(V.4, N.10, P.1, 2021)",0,0,0,0,0,0,0,0,0,0,0,0,0,0,0,0,0,0,0,0,0,0,0,0,0,0,0,0,0,0,0,0,23,10,6,6,8,13,2,22,19,17,20,14,13,6,12,9,1,11,14,12,2,11,9,28,288
"(V.4, N.10, P.2, 2021)",0,0,0,0,0,0,0,0,0,0,0,0,0,0,0,0,0,0,0,0,0,0,0,0,0,0,0,0,0,0,0,0,52,34,5,11,11,2,3,5,2,3,7,3,4,2,3,3,4,3,2,1,1,0,4,2,167
"(V.4, N.10, P.3, 2021)",0,0,0,0,0,0,0,0,0,0,0,0,0,0,0,0,0,0,0,0,0,0,0,0,0,0,0,0,0,0,0,0,44,54,64,30,30,34,32,54,37,58,63,47,81,130,149,91,23,29,24,29,20,19,24,14,1180
"(V.4, N.11, P.1, 2021)",0,0,0,0,0,0,0,0,0,0,0,0,0,0,0,0,0,0,0,0,0,0,0,0,0,0,0,0,0,0,0,0,0,31,19,8,29,11,16,21,25,18,13,16,17,35,20,20,3,20,11,13,11,21,20,25,423
"(V.4, N.11, P.2, 2021)",0,0,0,0,0,0,0,0,0,0,0,0,0,0,0,0,0,0,0,0,0,0,0,0,0,0,0,0,0,0,0,0,0,20,6,27,11,22,12,13,9,22,16,91,36,14,44,42,37,66,52,47,32,91,61,40,811
"(V.4, N.11, P.3, 2021)",0,0,0,0,0,0,0,0,0,0,0,0,0,0,0,0,0,0,0,0,0,0,0,0,0,0,0,0,0,0,0,0,0,40,3,1,5,0,18,12,7,10,11,37,17,4,8,14,5,16,15,11,12,4,5,10,265
"(V.4, N.12, P.1, 2021)",0,0,0,0,0,0,0,0,0,0,0,0,0,0,0,0,0,0,0,0,0,0,0,0,0,0,0,0,0,0,0,0,0,0,8,10,11,8,18,16,7,9,9,36,59,27,31,36,41,50,51,20,39,27,73,110,696
"(V.4, N.12, P.2, 2021)",0,0,0,0,0,0,0,0,0,0,0,0,0,0,0,0,0,0,0,0,0,0,0,0,0,0,0,0,0,0,0,0,0,0,11,9,2,4,2,0,10,4,14,3,3,2,2,6,0,2,4,0,0,3,1,6,88
"(V.4, N.12, P.3, 2021)",0,0,0,0,0,0,0,0,0,0,0,0,0,0,0,0,0,0,0,0,0,0,0,0,0,0,0,0,0,0,0,0,0,0,24,14,5,10,2,2,1,3,3,6,1,0,0,0,2,3,2,0,1,2,0,0,81
"(V.5, N.1, P.1, 2022)",0,0,0,0,0,0,0,0,0,0,0,0,0,0,0,0,0,0,0,0,0,0,0,0,0,0,0,0,0,0,0,0,0,0,0,3,7,0,3,5,7,7,13,11,23,9,5,16,2,0,7,16,10,4,9,14,171
"(V.5, N.1, P.2, 2022)",0,0,0,0,0,0,0,0,0,0,0,0,0,0,0,0,0,0,0,0,0,0,0,0,0,0,0,0,0,0,0,0,0,0,0,9,14,20,48,48,56,60,101,69,67,45,53,61,18,30,85,69,71,61,79,70,1134
"(V.5, N.1, P.3, 2022)",0,0,0,0,0,0,0,0,0,0,0,0,0,0,0,0,0,0,0,0,0,0,0,0,0,0,0,0,0,0,0,0,0,0,0,9,3,6,0,2,1,0,1,0,1,1,2,0,0,1,3,4,3,0,1,0,38
"(V.5, N.1, P.4, 2022)",0,0,0,0,0,0,0,0,0,0,0,0,0,0,0,0,0,0,0,0,0,0,0,0,0,0,0,0,0,0,0,0,0,0,0,21,20,56,49,130,117,135,113,142,144,107,108,221,107,93,172,102,71,114,57,68,2147
"(V.5, N.1, P.5, 2022)",0,0,0,0,0,0,0,0,0,0,0,0,0,0,0,0,0,0,0,0,0,0,0,0,0,0,0,0,0,0,0,0,0,0,0,13,5,12,8,7,9,5,15,39,32,16,26,50,55,140,97,106,99,70,78,64,946
"(V.5, N.2, P.1, 2022)",0,0,0,0,0,0,0,0,0,0,0,0,0,0,0,0,0,0,0,0,0,0,0,0,0,0,0,0,0,0,0,0,0,0,0,0,1,1,2,4,1,1,5,5,4,5,1,4,0,2,0,1,5,2,4,2,50
"(V.5, N.2, P.2, 2022)",0,0,0,0,0,0,0,0,0,0,0,0,0,0,0,0,0,0,0,0,0,0,0,0,0,0,0,0,0,0,0,0,0,0,0,0,11,7,17,12,11,16,23,12,37,18,10,19,9,25,6,10,21,46,17,34,361
"(V.5, N.2, P.3, 2022)",0,0,0,0,0,0,0,0,0,0,0,0,0,0,0,0,0,0,0,0,0,0,0,0,0,0,0,0,0,0,0,0,0,0,0,0,14,1,3,2,0,0,0,0,0,0,1,0,0,0,2,0,0,0,2,0,25
"(V.5, N.2, P.4, 2022)",0,0,0,0,0,0,0,0,0,0,0,0,0,0,0,0,0,0,0,0,0,0,0,0,0,0,0,0,0,0,0,0,0,0,0,0,33,7,16,5,10,5,8,27,6,6,17,5,3,0,3,13,4,14,28,3,213
"(V.5, N.3, P.1, 2022)",0,0,0,0,0,0,0,0,0,0,0,0,0,0,0,0,0,0,0,0,0,0,0,0,0,0,0,0,0,0,0,0,0,0,0,0,0,7,8,35,70,185,384,334,394,150,163,245,106,210,293,250,210,336,337,330,4047
"(V.5, N.3, P.2, 2022)",0,0,0,0,0,0,0,0,0,0,0,0,0,0,0,0,0,0,0,0,0,0,0,0,0,0,0,0,0,0,0,0,0,0,0,0,0,19,18,18,24,27,35,29,23,22,20,31,4,24,39,33,19,36,42,56,519
"(V.5, N.3, P.3, 2022)",0,0,0,0,0,0,0,0,0,0,0,0,0,0,0,0,0,0,0,0,0,0,0,0,0,0,0,0,0,0,0,0,0,0,0,0,0,15,7,0,1,2,2,0,2,1,11,8,0,1,3,2,7,5,4,7,78
"(V.5, N.3, P.4, 2022)",0,0,0,0,0,0,0,0,0,0,0,0,0,0,0,0,0,0,0,0,0,0,0,0,0,0,0,0,0,0,0,0,0,0,0,0,0,21,6,1,1,2,2,3,6,3,3,3,1,0,12,2,2,0,0,1,69
"(V.5, N.4, P.1, 2022)",0,0,0,0,0,0,0,0,0,0,0,0,0,0,0,0,0,0,0,0,0,0,0,0,0,0,0,0,0,0,0,0,0,0,0,0,0,0,8,4,3,4,6,4,6,7,15,15,24,8,12,23,23,18,20,30,230
"(V.5, N.4, P.2, 2022)",0,0,0,0,0,0,0,0,0,0,0,0,0,0,0,0,0,0,0,0,0,0,0,0,0,0,0,0,0,0,0,0,0,0,0,0,0,0,8,1,0,2,6,3,18,2,2,4,4,9,10,6,4,1,0,0,80
"(V.5, N.4, P.3, 2022)",0,0,0,0,0,0,0,0,0,0,0,0,0,0,0,0,0,0,0,0,0,0,0,0,0,0,0,0,0,0,0,0,0,0,0,0,0,0,10,8,0,0,0,6,10,0,0,9,3,4,2,4,1,1,0,0,58
"(V.5, N.4, P.4, 2022)",0,0,0,0,0,0,0,0,0,0,0,0,0,0,0,0,0,0,0,0,0,0,0,0,0,0,0,0,0,0,0,0,0,0,0,0,0,0,8,4,3,7,5,4,1,0,2,2,0,1,0,0,0,0,0,2,39
"(V.5, N.5, P.1, 2022)",0,0,0,0,0,0,0,0,0,0,0,0,0,0,0,0,0,0,0,0,0,0,0,0,0,0,0,0,0,0,0,0,0,0,0,0,0,0,0,25,6,10,11,17,16,22,23,19,11,1,7,14,26,26,22,17,273
"(V.5, N.5, P.2, 2022)",0,0,0,0,0,0,0,0,0,0,0,0,0,0,0,0,0,0,0,0,0,0,0,0,0,0,0,0,0,0,0,0,0,0,0,0,0,0,0,16,4,7,11,10,-100,0,17,8,8,10,19,18,7,6,5,1,47
"(V.5, N.5, P.3, 2022)",0,0,0,0,0,0,0,0,0,0,0,0,0,0,0,0,0,0,0,0,0,0,0,0,0,0,0,0,0,0,0,0,0,0,0,0,0,0,0,27,41,64,85,163,312,0,526,563,172,384,421,426,343,459,507,405,4898
"(V.5, N.5, P.4, 2022)",0,0,0,0,0,0,0,0,0,0,0,0,0,0,0,0,0,0,0,0,0,0,0,0,0,0,0,0,0,0,0,0,0,0,0,0,0,0,0,19,10,8,14,16,9,0,16,10,6,19,42,20,11,14,28,21,263
"(V.5, N.5, P.5, 2022)",0,0,0,0,0,0,0,0,0,0,0,0,0,0,0,0,0,0,0,0,0,0,0,0,0,0,0,0,0,0,0,0,0,0,0,0,0,0,0,4,0,1,0,0,2,0,2,0,0,2,5,0,1,0,0,0,17
"(V.5, N.5, P.6, 2022)",0,0,0,0,0,0,0,0,0,0,0,0,0,0,0,0,0,0,0,0,0,0,0,0,0,0,0,0,0,0,0,0,0,0,0,0,0,0,0,61,85,296,246,183,138,0,31,64,25,45,107,151,75,351,351,392,2601
"(V.5, N.6, P.1, 2022)",0,0,0,0,0,0,0,0,0,0,0,0,0,0,0,0,0,0,0,0,0,0,0,0,0,0,0,0,0,0,0,0,0,0,0,0,0,0,0,0,11,9,13,6,4,0,0,1,1,1,3,5,0,7,25,5,91
"(V.5, N.6, P.2, 2022)",0,0,0,0,0,0,0,0,0,0,0,0,0,0,0,0,0,0,0,0,0,0,0,0,0,0,0,0,0,0,0,0,0,0,0,0,0,0,0,0,7,1,2,1,6,0,4,0,9,3,1,0,3,1,0,2,40
"(V.5, N.6, P.3, 2022)",0,0,0,0,0,0,0,0,0,0,0,0,0,0,0,0,0,0,0,0,0,0,0,0,0,0,0,0,0,0,0,0,0,0,0,0,0,0,0,0,18,25,88,102,106,0,34,80,30,115,136,154,95,137,192,160,1472
"(V.5, N.6, P.4, 2022)",0,0,0,0,0,0,0,0,0,0,0,0,0,0,0,0,0,0,0,0,0,0,0,0,0,0,0,0,0,0,0,0,0,0,0,0,0,0,0,0,25,10,8,17,14,0,4,5,0,17,14,27,10,13,4,8,176
"(V.5, N.7, P.1, 2022)",0,0,0,0,0,0,0,0,0,0,0,0,0,0,0,0,0,0,0,0,0,0,0,0,0,0,0,0,0,0,0,0,0,0,0,0,0,0,0,0,0,6,6,8,3,0,0,0,1,1,4,3,3,9,11,4,59
"(V.5, N.7, P.2, 2022)",0,0,0,0,0,0,0,0,0,0,0,0,0,0,0,0,0,0,0,0,0,0,0,0,0,0,0,0,0,0,0,0,0,0,0,0,0,0,0,0,0,46,90,95,135,0,50,96,62,157,96,95,68,134,104,109,1337
"(V.5, N.7, P.3, 2022)",0,0,0,0,0,0,0,0,0,0,0,0,0,0,0,0,0,0,0,0,0,0,0,0,0,0,0,0,0,0,0,0,0,0,0,0,0,0,0,0,0,27,65,30,24,0,17,19,8,8,14,8,10,12,10,8,260
"(V.5, N.7, P.4, 2022)",0,0,0,0,0,0,0,0,0,0,0,0,0,0,0,0,0,0,0,0,0,0,0,0,0,0,0,0,0,0,0,0,0,0,0,0,0,0,0,0,0,10,6,6,8,0,26,18,0,3,5,6,0,4,2,6,100
"(V.5, N.8, P.1, 2022)",0,0,0,0,0,0,0,0,0,0,0,0,0,0,0,0,0,0,0,0,0,0,0,0,0,0,0,0,0,0,0,0,0,0,0,0,0,0,0,0,0,0,9,16,14,0,14,20,48,14,38,41,44,70,84,70,482
"(V.5, N.8, P.2, 2022)",0,0,0,0,0,0,0,0,0,0,0,0,0,0,0,0,0,0,0,0,0,0,0,0,0,0,0,0,0,0,0,0,0,0,0,0,0,0,0,0,0,0,65,128,139,0,22,62,27,49,45,39,35,96,56,51,814
"(V.5, N.8, P.3, 2022)",0,0,0,0,0,0,0,0,0,0,0,0,0,0,0,0,0,0,0,0,0,0,0,0,0,0,0,0,0,0,0,0,0,0,0,0,0,0,0,0,0,0,3,2,7,0,7,4,9,0,0,0,1,7,1,4,45
"(V.5, N.8, P.4, 2022)",0,0,0,0,0,0,0,0,0,0,0,0,0,0,0,0,0,0,0,0,0,0,0,0,0,0,0,0,0,0,0,0,0,0,0,0,0,0,0,0,0,0,10,1,4,0,0,0,1,1,29,3,2,1,4,2,58
"(V.5, N.8, P.5, 2022)",0,0,0,0,0,0,0,0,0,0,0,0,0,0,0,0,0,0,0,0,0,0,0,0,0,0,0,0,0,0,0,0,0,0,0,0,0,0,0,0,0,0,11,12,13,0,19,16,9,21,18,15,12,20,15,12,193
"(V.5, N.8, P.6, 2022)",0,0,0,0,0,0,0,0,0,0,0,0,0,0,0,0,0,0,0,0,0,0,0,0,0,0,0,0,0,0,0,0,0,0,0,0,0,0,0,0,0,0,31,10,15,0,16,11,5,15,3,1,3,8,18,10,146
"(V.5, N.9, P.1, 2022)",0,0,0,0,0,0,0,0,0,0,0,0,0,0,0,0,0,0,0,0,0,0,0,0,0,0,0,0,0,0,0,0,0,0,0,0,0,0,0,0,0,0,0,87,299,0,371,188,9,191,354,218,184,188,393,219,2701
"(V.5, N.9, P.2, 2022)",0,0,0,0,0,0,0,0,0,0,0,0,0,0,0,0,0,0,0,0,0,0,0,0,0,0,0,0,0,0,0,0,0,0,0,0,0,0,0,0,0,0,0,6,8,0,11,8,3,0,0,0,0,0,3,7,46
"(V.5, N.9, P.3, 2022)",0,0,0,0,0,0,0,0,0,0,0,0,0,0,0,0,0,0,0,0,0,0,0,0,0,0,0,0,0,0,0,0,0,0,0,0,0,0,0,0,0,0,0,14,11,0,1,11,3,1,1,2,6,14,2,1,67
"(V.5, N.9, P.4, 2022)",0,0,0,0,0,0,0,0,0,0,0,0,0,0,0,0,0,0,0,0,0,0,0,0,0,0,0,0,0,0,0,0,0,0,0,0,0,0,0,0,0,0,0,26,172,0,50,81,49,77,77,76,34,60,79,81,862
"(V.5, N.10, P.1, 2022)",0,0,0,0,0,0,0,0,0,0,0,0,0,0,0,0,0,0,0,0,0,0,0,0,0,0,0,0,0,0,0,0,0,0,0,0,0,0,0,0,0,0,0,0,11,0,4,3,0,0,0,0,0,1,1,3,23
"(V.5, N.10, P.2, 2022)",0,0,0,0,0,0,0,0,0,0,0,0,0,0,0,0,0,0,0,0,0,0,0,0,0,0,0,0,0,0,0,0,0,0,0,0,0,0,0,0,0,0,0,0,283,0,1820,3140,238,1791,2475,1816,1393,1319,1495,1664,17434
"(V.5, N.10, P.3, 2022)",0,0,0,0,0,0,0,0,0,0,0,0,0,0,0,0,0,0,0,0,0,0,0,0,0,0,0,0,0,0,0,0,0,0,0,0,0,0,0,0,0,0,0,0,41,0,14,15,2,6,11,7,11,21,11,4,143
"(V.5, N.10, P.4, 2022)",0,0,0,0,0,0,0,0,0,0,0,0,0,0,0,0,0,0,0,0,0,0,0,0,0,0,0,0,0,0,0,0,0,0,0,0,0,0,0,0,0,0,0,0,44,0,16,26,19,33,57,54,28,38,50,35,400
"(V.5, N.10, P.5, 2022)",0,0,0,0,0,0,0,0,0,0,0,0,0,0,0,0,0,0,0,0,0,0,0,0,0,0,0,0,0,0,0,0,0,0,0,0,0,0,0,0,0,0,0,0,107,0,5,14,3,3,0,3,5,3,7,6,156
"(V.5, N.11, P.1, 2022)",0,0,0,0,0,0,0,0,0,0,0,0,0,0,0,0,0,0,0,0,0,0,0,0,0,0,0,0,0,0,0,0,0,0,0,0,0,0,0,0,0,0,0,0,0,0,10,9,9,3,18,37,24,28,25,27,190
"(V.5, N.11, P.2, 2022)",0,0,0,0,0,0,0,0,0,0,0,0,0,0,0,0,0,0,0,0,0,0,0,0,0,0,0,0,0,0,0,0,0,0,0,0,0,0,0,0,0,0,0,0,0,0,22,45,32,92,154,173,93,106,147,118,982
"(V.5, N.11, P.3, 2022)",0,0,0,0,0,0,0,0,0,0,0,0,0,0,0,0,0,0,0,0,0,0,0,0,0,0,0,0,0,0,0,0,0,0,0,0,0,0,0,0,0,0,0,0,0,0,22,35,23,56,52,48,39,24,30,60,389
"(V.5, N.11, P.4, 2022)",0,0,0,0,0,0,0,0,0,0,0,0,0,0,0,0,0,0,0,0,0,0,0,0,0,0,0,0,0,0,0,0,0,0,0,0,0,0,0,0,0,0,0,0,0,0,6,1,6,0,14,0,1,0,2,2,32
"(V.5, N.12, P.1, 2022)",0,0,0,0,0,0,0,0,0,0,0,0,0,0,0,0,0,0,0,0,0,0,0,0,0,0,0,0,0,0,0,0,0,0,0,0,0,0,0,0,0,0,0,0,0,0,25,32,23,46,89,65,55,53,56,64,508
"(V.5, N.12, P.2, 2022)",0,0,0,0,0,0,0,0,0,0,0,0,0,0,0,0,0,0,0,0,0,0,0,0,0,0,0,0,0,0,0,0,0,0,0,0,0,0,0,0,0,0,0,0,0,0,17,11,1,3,2,1,1,2,4,5,47
"(V.5, N.12, P.3, 2022)",0,0,0,0,0,0,0,0,0,0,0,0,0,0,0,0,0,0,0,0,0,0,0,0,0,0,0,0,0,0,0,0,0,0,0,0,0,0,0,0,0,0,0,0,0,0,10,4,4,1,1,2,1,1,2,5,31
"(V.5, N.12, P.4, 2022)",0,0,0,0,0,0,0,0,0,0,0,0,0,0,0,0,0,0,0,0,0,0,0,0,0,0,0,0,0,0,0,0,0,0,0,0,0,0,0,0,0,0,0,0,0,0,19,21,7,11,16,3,5,8,11,8,109
"(V.5, N.12, P.5, 2022)",0,0,0,0,0,0,0,0,0,0,0,0,0,0,0,0,0,0,0,0,0,0,0,0,0,0,0,0,0,0,0,0,0,0,0,0,0,0,0,0,0,0,0,0,0,0,27,98,125,167,105,84,68,73,101,104,952
"(V.6, N.1, P.1, 2023)",0,0,0,0,0,0,0,0,0,0,0,0,0,0,0,0,0,0,0,0,0,0,0,0,0,0,0,0,0,0,0,0,0,0,0,0,0,0,0,0,0,0,0,0,0,0,0,50,15,2,0,0,1,0,11,14,93
"(V.6, N.1, P.2, 2023)",0,0,0,0,0,0,0,0,0,0,0,0,0,0,0,0,0,0,0,0,0,0,0,0,0,0,0,0,0,0,0,0,0,0,0,0,0,0,0,0,0,0,0,0,0,0,0,109,15,34,45,9,13,7,31,28,291
"(V.6, N.1, P.3, 2023)",0,0,0,0,0,0,0,0,0,0,0,0,0,0,0,0,0,0,0,0,0,0,0,0,0,0,0,0,0,0,0,0,0,0,0,0,0,0,0,0,0,0,0,0,0,0,0,15,7,12,4,16,8,4,2,8,76
"(V.6, N.1, P.4, 2023)",0,0,0,0,0,0,0,0,0,0,0,0,0,0,0,0,0,0,0,0,0,0,0,0,0,0,0,0,0,0,0,0,0,0,0,0,0,0,0,0,0,0,0,0,0,0,0,17,16,0,2,2,0,0,1,4,42
"(V.6, N.1, P.5, 2023)",0,0,0,0,0,0,0,0,0,0,0,0,0,0,0,0,0,0,0,0,0,0,0,0,0,0,0,0,0,0,0,0,0,0,0,0,0,0,0,0,0,0,0,0,0,0,0,48,6,1,0,2,0,0,4,4,65
"(V.6, N.2, P.1, 2023)",0,0,0,0,0,0,0,0,0,0,0,0,0,0,0,0,0,0,0,0,0,0,0,0,0,0,0,0,0,0,0,0,0,0,0,0,0,0,0,0,0,0,0,0,0,0,0,0,5,6,0,0,1,5,13,12,42
"(V.6, N.2, P.2, 2023)",0,0,0,0,0,0,0,0,0,0,0,0,0,0,0,0,0,0,0,0,0,0,0,0,0,0,0,0,0,0,0,0,0,0,0,0,0,0,0,0,0,0,0,0,0,0,0,0,6,1,5,0,0,0,9,13,34
"(V.6, N.2, P.3, 2023)",0,0,0,0,0,0,0,0,0,0,0,0,0,0,0,0,0,0,0,0,0,0,0,0,0,0,0,0,0,0,0,0,0,0,0,0,0,0,0,0,0,0,0,0,0,0,0,0,15,8,3,2,20,10,4,8,70
"(V.6, N.2, P.4, 2023)",0,0,0,0,0,0,0,0,0,0,0,0,0,0,0,0,0,0,0,0,0,0,0,0,0,0,0,0,0,0,0,0,0,0,0,0,0,0,0,0,0,0,0,0,0,0,0,0,58,6,5,4,6,3,48,40,170
"(V.6, N.3, P.1, 2023)",0,0,0,0,0,0,0,0,0,0,0,0,0,0,0,0,0,0,0,0,0,0,0,0,0,0,0,0,0,0,0,0,0,0,0,0,0,0,0,0,0,0,0,0,0,0,0,0,0,22,35,28,19,29,28,20,181
"(V.6, N.3, P.2, 2023)",0,0,0,0,0,0,0,0,0,0,0,0,0,0,0,0,0,0,0,0,0,0,0,0,0,0,0,0,0,0,0,0,0,0,0,0,0,0,0,0,0,0,0,0,0,0,0,0,0,5,2,0,1,1,2,0,11
"(V.6, N.3, P.3, 2023)",0,0,0,0,0,0,0,0,0,0,0,0,0,0,0,0,0,0,0,0,0,0,0,0,0,0,0,0,0,0,0,0,0,0,0,0,0,0,0,0,0,0,0,0,0,0,0,0,0,11,4,4,10,4,9,11,53
"(V.6, N.3, P.4, 2023)",0,0,0,0,0,0,0,0,0,0,0,0,0,0,0,0,0,0,0,0,0,0,0,0,0,0,0,0,0,0,0,0,0,0,0,0,0,0,0,0,0,0,0,0,0,0,0,0,0,36,9,5,4,9,5,4,72
"(V.6, N.4, P.1, 2023)",0,0,0,0,0,0,0,0,0,0,0,0,0,0,0,0,0,0,0,0,0,0,0,0,0,0,0,0,0,0,0,0,0,0,0,0,0,0,0,0,0,0,0,0,0,0,0,0,0,88,9,3,4,6,8,12,130
"(V.6, N.4, P.2, 2023)",0,0,0,0,0,0,0,0,0,0,0,0,0,0,0,0,0,0,0,0,0,0,0,0,0,0,0,0,0,0,0,0,0,0,0,0,0,0,0,0,0,0,0,0,0,0,0,0,0,0,16,9,5,2,3,8,43
"(V.6, N.4, P.3, 2023)",0,0,0,0,0,0,0,0,0,0,0,0,0,0,0,0,0,0,0,0,0,0,0,0,0,0,0,0,0,0,0,0,0,0,0,0,0,0,0,0,0,0,0,0,0,0,0,0,0,0,32,17,11,14,35,24,133
"(V.6, N.4, P.4, 2023)",0,0,0,0,0,0,0,0,0,0,0,0,0,0,0,0,0,0,0,0,0,0,0,0,0,0,0,0,0,0,0,0,0,0,0,0,0,0,0,0,0,0,0,0,0,0,0,0,0,0,31,3,11,8,20,20,93
"(V.6, N.5, P.1, 2023)",0,0,0,0,0,0,0,0,0,0,0,0,0,0,0,0,0,0,0,0,0,0,0,0,0,0,0,0,0,0,0,0,0,0,0,0,0,0,0,0,0,0,0,0,0,0,0,0,0,0,45,5,1,4,7,5,67
"(V.6, N.5, P.2, 2023)",0,0,0,0,0,0,0,0,0,0,0,0,0,0,0,0,0,0,0,0,0,0,0,0,0,0,0,0,0,0,0,0,0,0,0,0,0,0,0,0,0,0,0,0,0,0,0,0,0,0,0,6,2,2,1,4,15
"(V.6, N.5, P.3, 2023)",0,0,0,0,0,0,0,0,0,0,0,0,0,0,0,0,0,0,0,0,0,0,0,0,0,0,0,0,0,0,0,0,0,0,0,0,0,0,0,0,0,0,0,0,0,0,0,0,0,0,0,35,8,5,4,12,64
"(V.6, N.5, P.4, 2023)",0,0,0,0,0,0,0,0,0,0,0,0,0,0,0,0,0,0,0,0,0,0,0,0,0,0,0,0,0,0,0,0,0,0,0,0,0,0,0,0,0,0,0,0,0,0,0,0,0,0,0,16,20,3,1,1,41
"(V.6, N.5, P.5, 2023)",0,0,0,0,0,0,0,0,0,0,0,0,0,0,0,0,0,0,0,0,0,0,0,0,0,0,0,0,0,0,0,0,0,0,0,0,0,0,0,0,0,0,0,0,0,0,0,0,0,0,0,18,5,5,4,6,38
"(V.6, N.6, P.1, 2023)",0,0,0,0,0,0,0,0,0,0,0,0,0,0,0,0,0,0,0,0,0,0,0,0,0,0,0,0,0,0,0,0,0,0,0,0,0,0,0,0,0,0,0,0,0,0,0,0,0,0,0,0,30,20,20,19,89
"(V.6, N.6, P.2, 2023)",0,0,0,0,0,0,0,0,0,0,0,0,0,0,0,0,0,0,0,0,0,0,0,0,0,0,0,0,0,0,0,0,0,0,0,0,0,0,0,0,0,0,0,0,0,0,0,0,0,0,0,0,7,9,16,29,61
"(V.6, N.6, P.3, 2023)",0,0,0,0,0,0,0,0,0,0,0,0,0,0,0,0,0,0,0,0,0,0,0,0,0,0,0,0,0,0,0,0,0,0,0,0,0,0,0,0,0,0,0,0,0,0,0,0,0,0,0,0,6,8,2,10,26
"(V.6, N.6, P.4, 2023)",0,0,0,0,0,0,0,0,0,0,0,0,0,0,0,0,0,0,0,0,0,0,0,0,0,0,0,0,0,0,0,0,0,0,0,0,0,0,0,0,0,0,0,0,0,0,0,0,0,0,0,0,10,10,7,3,30
"(V.6, N.7, P.1, 2023)",0,0,0,0,0,0,0,0,0,0,0,0,0,0,0,0,0,0,0,0,0,0,0,0,0,0,0,0,0,0,0,0,0,0,0,0,0,0,0,0,0,0,0,0,0,0,0,0,0,0,0,0,0,5,2,2,9
"(V.6, N.7, P.2, 2023)",0,0,0,0,0,0,0,0,0,0,0,0,0,0,0,0,0,0,0,0,0,0,0,0,0,0,0,0,0,0,0,0,0,0,0,0,0,0,0,0,0,0,0,0,0,0,0,0,0,0,0,0,0,3,4,4,11
"(V.6, N.7, P.3, 2023)",0,0,0,0,0,0,0,0,0,0,0,0,0,0,0,0,0,0,0,0,0,0,0,0,0,0,0,0,0,0,0,0,0,0,0,0,0,0,0,0,0,0,0,0,0,0,0,0,0,0,0,0,0,147,505,58,710
"(V.6, N.7, P.4, 2023)",0,0,0,0,0,0,0,0,0,0,0,0,0,0,0,0,0,0,0,0,0,0,0,0,0,0,0,0,0,0,0,0,0,0,0,0,0,0,0,0,0,0,0,0,0,0,0,0,0,0,0,0,0,14,3,2,19
"(V.6, N.7, P.5, 2023)",0,0,0,0,0,0,0,0,0,0,0,0,0,0,0,0,0,0,0,0,0,0,0,0,0,0,0,0,0,0,0,0,0,0,0,0,0,0,0,0,0,0,0,0,0,0,0,0,0,0,0,0,0,155,5,1,161
"(V.6, N.8, P.1, 2023)",0,0,0,0,0,0,0,0,0,0,0,0,0,0,0,0,0,0,0,0,0,0,0,0,0,0,0,0,0,0,0,0,0,0,0,0,0,0,0,0,0,0,0,0,0,0,0,0,0,0,0,0,0,0,16,15,31
"(V.6, N.8, P.2, 2023)",0,0,0,0,0,0,0,0,0,0,0,0,0,0,0,0,0,0,0,0,0,0,0,0,0,0,0,0,0,0,0,0,0,0,0,0,0,0,0,0,0,0,0,0,0,0,0,0,0,0,0,0,0,0,21,20,41
"(V.6, N.8, P.3, 2023)",0,0,0,0,0,0,0,0,0,0,0,0,0,0,0,0,0,0,0,0,0,0,0,0,0,0,0,0,0,0,0,0,0,0,0,0,0,0,0,0,0,0,0,0,0,0,0,0,0,0,0,0,0,0,41,54,95
"(V.6, N.8, P.4, 2023)",0,0,0,0,0,0,0,0,0,0,0,0,0,0,0,0,0,0,0,0,0,0,0,0,0,0,0,0,0,0,0,0,0,0,0,0,0,0,0,0,0,0,0,0,0,0,0,0,0,0,0,0,0,0,30,11,41
"(V.6, N.9, P.1, 2023)",0,0,0,0,0,0,0,0,0,0,0,0,0,0,0,0,0,0,0,0,0,0,0,0,0,0,0,0,0,0,0,0,0,0,0,0,0,0,0,0,0,0,0,0,0,0,0,0,0,0,0,0,0,0,0,8,8
"(V.6, N.9, P.2, 2023)",0,0,0,0,0,0,0,0,0,0,0,0,0,0,0,0,0,0,0,0,0,0,0,0,0,0,0,0,0,0,0,0,0,0,0,0,0,0,0,0,0,0,0,0,0,0,0,0,0,0,0,0,0,0,0,5,5
"(V.6, N.9, P.3, 2023)",0,0,0,0,0,0,0,0,0,0,0,0,0,0,0,0,0,0,0,0,0,0,0,0,0,0,0,0,0,0,0,0,0,0,0,0,0,0,0,0,0,0,0,0,0,0,0,0,0,0,0,0,0,0,0,15,15
"(V.6, N.9, P.4, 2023)",0,0,0,0,0,0,0,0,0,0,0,0,0,0,0,0,0,0,0,0,0,0,0,0,0,0,0,0,0,0,0,0,0,0,0,0,0,0,0,0,0,0,0,0,0,0,0,0,0,0,0,0,0,0,0,11,11
"(V.6, N.10, P.1, 2023)",0,0,0,0,0,0,0,0,0,0,0,0,0,0,0,0,0,0,0,0,0,0,0,0,0,0,0,0,0,0,0,0,0,0,0,0,0,0,0,0,0,0,0,0,0,0,0,0,0,0,0,0,0,0,0,0,0
"(V.6, N.10, P.2, 2023)",0,0,0,0,0,0,0,0,0,0,0,0,0,0,0,0,0,0,0,0,0,0,0,0,0,0,0,0,0,0,0,0,0,0,0,0,0,0,0,0,0,0,0,0,0,0,0,0,0,0,0,0,0,0,0,0,0
"(V.6, N.10, P.3, 2023)",0,0,0,0,0,0,0,0,0,0,0,0,0,0,0,0,0,0,0,0,0,0,0,0,0,0,0,0,0,0,0,0,0,0,0,0,0,0,0,0,0,0,0,0,0,0,0,0,0,0,0,0,0,0,0,0,0
"(V.6, N.10, P.4, 2023)",0,0,0,0,0,0,0,0,0,0,0,0,0,0,0,0,0,0,0,0,0,0,0,0,0,0,0,0,0,0,0,0,0,0,0,0,0,0,0,0,0,0,0,0,0,0,0,0,0,0,0,0,0,0,0,0,0
"(V.6, N.10, P.5, 2023)",0,0,0,0,0,0,0,0,0,0,0,0,0,0,0,0,0,0,0,0,0,0,0,0,0,0,0,0,0,0,0,0,0,0,0,0,0,0,0,0,0,0,0,0,0,0,0,0,0,0,0,0,0,0,0,0,0
"(V.6, N.11, P.1, 2023)",0,0,0,0,0,0,0,0,0,0,0,0,0,0,0,0,0,0,0,0,0,0,0,0,0,0,0,0,0,0,0,0,0,0,0,0,0,0,0,0,0,0,0,0,0,0,0,0,0,0,0,0,0,0,0,0,0
"(V.6, N.11, P.2, 2023)",0,0,0,0,0,0,0,0,0,0,0,0,0,0,0,0,0,0,0,0,0,0,0,0,0,0,0,0,0,0,0,0,0,0,0,0,0,0,0,0,0,0,0,0,0,0,0,0,0,0,0,0,0,0,0,0,0
"(V.6, N.11, P.3, 2023)",0,0,0,0,0,0,0,0,0,0,0,0,0,0,0,0,0,0,0,0,0,0,0,0,0,0,0,0,0,0,0,0,0,0,0,0,0,0,0,0,0,0,0,0,0,0,0,0,0,0,0,0,0,0,0,0,0
"(V.6, N.11, P.4, 2023)",0,0,0,0,0,0,0,0,0,0,0,0,0,0,0,0,0,0,0,0,0,0,0,0,0,0,0,0,0,0,0,0,0,0,0,0,0,0,0,0,0,0,0,0,0,0,0,0,0,0,0,0,0,0,0,0,0
"(V.6, N.12, P.1, 2023)",0,0,0,0,0,0,0,0,0,0,0,0,0,0,0,0,0,0,0,0,0,0,0,0,0,0,0,0,0,0,0,0,0,0,0,0,0,0,0,0,0,0,0,0,0,0,0,0,0,0,0,0,0,0,0,0,0
"(V.6, N.12, P.2, 2023)",0,0,0,0,0,0,0,0,0,0,0,0,0,0,0,0,0,0,0,0,0,0,0,0,0,0,0,0,0,0,0,0,0,0,0,0,0,0,0,0,0,0,0,0,0,0,0,0,0,0,0,0,0,0,0,0,0
"(V.6, N.12, P.3, 2023)",0,0,0,0,0,0,0,0,0,0,0,0,0,0,0,0,0,0,0,0,0,0,0,0,0,0,0,0,0,0,0,0,0,0,0,0,0,0,0,0,0,0,0,0,0,0,0,0,0,0,0,0,0,0,0,0,0
"(V.6, N.12, P.4, 2023)",0,0,0,0,0,0,0,0,0,0,0,0,0,0,0,0,0,0,0,0,0,0,0,0,0,0,0,0,0,0,0,0,0,0,0,0,0,0,0,0,0,0,0,0,0,0,0,0,0,0,0,0,0,0,0,0,0
"(V.7, N.1, P.1, 2024)",0,0,0,0,0,0,0,0,0,0,0,0,0,0,0,0,0,0,0,0,0,0,0,0,0,0,0,0,0,0,0,0,0,0,0,0,0,0,0,0,0,0,0,0,0,0,0,0,0,0,0,0,0,0,0,0,0
"(V.7, N.1, P.2, 2024)",0,0,0,0,0,0,0,0,0,0,0,0,0,0,0,0,0,0,0,0,0,0,0,0,0,0,0,0,0,0,0,0,0,0,0,0,0,0,0,0,0,0,0,0,0,0,0,0,0,0,0,0,0,0,0,0,0
"(V.7, N.1, P.3, 2024)",0,0,0,0,0,0,0,0,0,0,0,0,0,0,0,0,0,0,0,0,0,0,0,0,0,0,0,0,0,0,0,0,0,0,0,0,0,0,0,0,0,0,0,0,0,0,0,0,0,0,0,0,0,0,0,0,0
"(V.7, N.1, P.4, 2024)",0,0,0,0,0,0,0,0,0,0,0,0,0,0,0,0,0,0,0,0,0,0,0,0,0,0,0,0,0,0,0,0,0,0,0,0,0,0,0,0,0,0,0,0,0,0,0,0,0,0,0,0,0,0,0,0,0
"(V.7, N.1, P.5, 2024)",0,0,0,0,0,0,0,0,0,0,0,0,0,0,0,0,0,0,0,0,0,0,0,0,0,0,0,0,0,0,0,0,0,0,0,0,0,0,0,0,0,0,0,0,0,0,0,0,0,0,0,0,0,0,0,0,0
"(V.7, N.2, P.1, 2024)",0,0,0,0,0,0,0,0,0,0,0,0,0,0,0,0,0,0,0,0,0,0,0,0,0,0,0,0,0,0,0,0,0,0,0,0,0,0,0,0,0,0,0,0,0,0,0,0,0,0,0,0,0,0,0,0,0
"(V.7, N.2, P.2, 2024)",0,0,0,0,0,0,0,0,0,0,0,0,0,0,0,0,0,0,0,0,0,0,0,0,0,0,0,0,0,0,0,0,0,0,0,0,0,0,0,0,0,0,0,0,0,0,0,0,0,0,0,0,0,0,0,0,0
"(V.7, N.2, P.3, 2024)",0,0,0,0,0,0,0,0,0,0,0,0,0,0,0,0,0,0,0,0,0,0,0,0,0,0,0,0,0,0,0,0,0,0,0,0,0,0,0,0,0,0,0,0,0,0,0,0,0,0,0,0,0,0,0,0,0
"(V.7, N.2, P.4, 2024)",0,0,0,0,0,0,0,0,0,0,0,0,0,0,0,0,0,0,0,0,0,0,0,0,0,0,0,0,0,0,0,0,0,0,0,0,0,0,0,0,0,0,0,0,0,0,0,0,0,0,0,0,0,0,0,0,0
"(V.7, N.2, P.5, 2024)",0,0,0,0,0,0,0,0,0,0,0,0,0,0,0,0,0,0,0,0,0,0,0,0,0,0,0,0,0,0,0,0,0,0,0,0,0,0,0,0,0,0,0,0,0,0,0,0,0,0,0,0,0,0,0,0,0
"(V.7, N.3, P.1, 2024)",0,0,0,0,0,0,0,0,0,0,0,0,0,0,0,0,0,0,0,0,0,0,0,0,0,0,0,0,0,0,0,0,0,0,0,0,0,0,0,0,0,0,0,0,0,0,0,0,0,0,0,0,0,0,0,0,0
"(V.7, N.3, P.2, 2024)",0,0,0,0,0,0,0,0,0,0,0,0,0,0,0,0,0,0,0,0,0,0,0,0,0,0,0,0,0,0,0,0,0,0,0,0,0,0,0,0,0,0,0,0,0,0,0,0,0,0,0,0,0,0,0,0,0
"(V.7, N.3, P.3, 2024)",0,0,0,0,0,0,0,0,0,0,0,0,0,0,0,0,0,0,0,0,0,0,0,0,0,0,0,0,0,0,0,0,0,0,0,0,0,0,0,0,0,0,0,0,0,0,0,0,0,0,0,0,0,0,0,0,0
"(V.7, N.3, P.4, 2024)",0,0,0,0,0,0,0,0,0,0,0,0,0,0,0,0,0,0,0,0,0,0,0,0,0,0,0,0,0,0,0,0,0,0,0,0,0,0,0,0,0,0,0,0,0,0,0,0,0,0,0,0,0,0,0,0,0
"(V.7, N.4, P.1, 2024)",0,0,0,0,0,0,0,0,0,0,0,0,0,0,0,0,0,0,0,0,0,0,0,0,0,0,0,0,0,0,0,0,0,0,0,0,0,0,0,0,0,0,0,0,0,0,0,0,0,0,0,0,0,0,0,0,0
"(V.7, N.4, P.2, 2024)",0,0,0,0,0,0,0,0,0,0,0,0,0,0,0,0,0,0,0,0,0,0,0,0,0,0,0,0,0,0,0,0,0,0,0,0,0,0,0,0,0,0,0,0,0,0,0,0,0,0,0,0,0,0,0,0,0
"(V.7, N.4, P.3, 2024)",0,0,0,0,0,0,0,0,0,0,0,0,0,0,0,0,0,0,0,0,0,0,0,0,0,0,0,0,0,0,0,0,0,0,0,0,0,0,0,0,0,0,0,0,0,0,0,0,0,0,0,0,0,0,0,0,0
"(V.7, N.4, P.4, 2024)",0,0,0,0,0,0,0,0,0,0,0,0,0,0,0,0,0,0,0,0,0,0,0,0,0,0,0,0,0,0,0,0,0,0,0,0,0,0,0,0,0,0,0,0,0,0,0,0,0,0,0,0,0,0,0,0,0
"(V.7, N.4, P.5, 2024)",0,0,0,0,0,0,0,0,0,0,0,0,0,0,0,0,0,0,0,0,0,0,0,0,0,0,0,0,0,0,0,0,0,0,0,0,0,0,0,0,0,0,0,0,0,0,0,0,0,0,0,0,0,0,0,0,0
"(V.7, N.5, P.1, 2024)",0,0,0,0,0,0,0,0,0,0,0,0,0,0,0,0,0,0,0,0,0,0,0,0,0,0,0,0,0,0,0,0,0,0,0,0,0,0,0,0,0,0,0,0,0,0,0,0,0,0,0,0,0,0,0,0,0
"(V.7, N.5, P.2, 2024)",0,0,0,0,0,0,0,0,0,0,0,0,0,0,0,0,0,0,0,0,0,0,0,0,0,0,0,0,0,0,0,0,0,0,0,0,0,0,0,0,0,0,0,0,0,0,0,0,0,0,0,0,0,0,0,0,0
"(V.7, N.5, P.3, 2024)",0,0,0,0,0,0,0,0,0,0,0,0,0,0,0,0,0,0,0,0,0,0,0,0,0,0,0,0,0,0,0,0,0,0,0,0,0,0,0,0,0,0,0,0,0,0,0,0,0,0,0,0,0,0,0,0,0
"(V.7, N.5, P.4, 2024)",0,0,0,0,0,0,0,0,0,0,0,0,0,0,0,0,0,0,0,0,0,0,0,0,0,0,0,0,0,0,0,0,0,0,0,0,0,0,0,0,0,0,0,0,0,0,0,0,0,0,0,0,0,0,0,0,0
"(V.7, N.6, P.1, 2024)",0,0,0,0,0,0,0,0,0,0,0,0,0,0,0,0,0,0,0,0,0,0,0,0,0,0,0,0,0,0,0,0,0,0,0,0,0,0,0,0,0,0,0,0,0,0,0,0,0,0,0,0,0,0,0,0,0
"(V.7, N.6, P.2, 2024)",0,0,0,0,0,0,0,0,0,0,0,0,0,0,0,0,0,0,0,0,0,0,0,0,0,0,0,0,0,0,0,0,0,0,0,0,0,0,0,0,0,0,0,0,0,0,0,0,0,0,0,0,0,0,0,0,0
"(V.7, N.6, P.3, 2024)",0,0,0,0,0,0,0,0,0,0,0,0,0,0,0,0,0,0,0,0,0,0,0,0,0,0,0,0,0,0,0,0,0,0,0,0,0,0,0,0,0,0,0,0,0,0,0,0,0,0,0,0,0,0,0,0,0
"(V.7, N.6, P.4, 2024)",0,0,0,0,0,0,0,0,0,0,0,0,0,0,0,0,0,0,0,0,0,0,0,0,0,0,0,0,0,0,0,0,0,0,0,0,0,0,0,0,0,0,0,0,0,0,0,0,0,0,0,0,0,0,0,0,0
"(V.7, N.7, P.1, 2024)",0,0,0,0,0,0,0,0,0,0,0,0,0,0,0,0,0,0,0,0,0,0,0,0,0,0,0,0,0,0,0,0,0,0,0,0,0,0,0,0,0,0,0,0,0,0,0,0,0,0,0,0,0,0,0,0,0
"(V.7, N.7, P.2, 2024)",0,0,0,0,0,0,0,0,0,0,0,0,0,0,0,0,0,0,0,0,0,0,0,0,0,0,0,0,0,0,0,0,0,0,0,0,0,0,0,0,0,0,0,0,0,0,0,0,0,0,0,0,0,0,0,0,0
"(V.7, N.7, P.3, 2024)",0,0,0,0,0,0,0,0,0,0,0,0,0,0,0,0,0,0,0,0,0,0,0,0,0,0,0,0,0,0,0,0,0,0,0,0,0,0,0,0,0,0,0,0,0,0,0,0,0,0,0,0,0,0,0,0,0
"(V.7, N.7, P.4, 2024)",0,0,0,0,0,0,0,0,0,0,0,0,0,0,0,0,0,0,0,0,0,0,0,0,0,0,0,0,0,0,0,0,0,0,0,0,0,0,0,0,0,0,0,0,0,0,0,0,0,0,0,0,0,0,0,0,0
"(V.7, N.7, P.5, 2024)",0,0,0,0,0,0,0,0,0,0,0,0,0,0,0,0,0,0,0,0,0,0,0,0,0,0,0,0,0,0,0,0,0,0,0,0,0,0,0,0,0,0,0,0,0,0,0,0,0,0,0,0,0,0,0,0,0
"(V.7, N.8, P.1, 2024)",0,0,0,0,0,0,0,0,0,0,0,0,0,0,0,0,0,0,0,0,0,0,0,0,0,0,0,0,0,0,0,0,0,0,0,0,0,0,0,0,0,0,0,0,0,0,0,0,0,0,0,0,0,0,0,0,0
"(V.7, N.8, P.2, 2024)",0,0,0,0,0,0,0,0,0,0,0,0,0,0,0,0,0,0,0,0,0,0,0,0,0,0,0,0,0,0,0,0,0,0,0,0,0,0,0,0,0,0,0,0,0,0,0,0,0,0,0,0,0,0,0,0,0
"(V.7, N.8, P.3, 2024)",0,0,0,0,0,0,0,0,0,0,0,0,0,0,0,0,0,0,0,0,0,0,0,0,0,0,0,0,0,0,0,0,0,0,0,0,0,0,0,0,0,0,0,0,0,0,0,0,0,0,0,0,0,0,0,0,0
"(V.7, N.8, P.4, 2024)",0,0,0,0,0,0,0,0,0,0,0,0,0,0,0,0,0,0,0,0,0,0,0,0,0,0,0,0,0,0,0,0,0,0,0,0,0,0,0,0,0,0,0,0,0,0,0,0,0,0,0,0,0,0,0,0,0
"(V.7, N.9, P.1, 2024)",0,0,0,0,0,0,0,0,0,0,0,0,0,0,0,0,0,0,0,0,0,0,0,0,0,0,0,0,0,0,0,0,0,0,0,0,0,0,0,0,0,0,0,0,0,0,0,0,0,0,0,0,0,0,0,0,0
"(V.7, N.9, P.2, 2024)",0,0,0,0,0,0,0,0,0,0,0,0,0,0,0,0,0,0,0,0,0,0,0,0,0,0,0,0,0,0,0,0,0,0,0,0,0,0,0,0,0,0,0,0,0,0,0,0,0,0,0,0,0,0,0,0,0
"(V.7, N.9, P.3, 2024)",0,0,0,0,0,0,0,0,0,0,0,0,0,0,0,0,0,0,0,0,0,0,0,0,0,0,0,0,0,0,0,0,0,0,0,0,0,0,0,0,0,0,0,0,0,0,0,0,0,0,0,0,0,0,0,0,0
"(V.7, N.9, P.4, 2024)",0,0,0,0,0,0,0,0,0,0,0,0,0,0,0,0,0,0,0,0,0,0,0,0,0,0,0,0,0,0,0,0,0,0,0,0,0,0,0,0,0,0,0,0,0,0,0,0,0,0,0,0,0,0,0,0,0
"(V.7, N.9, P.5, 2024)",0,0,0,0,0,0,0,0,0,0,0,0,0,0,0,0,0,0,0,0,0,0,0,0,0,0,0,0,0,0,0,0,0,0,0,0,0,0,0,0,0,0,0,0,0,0,0,0,0,0,0,0,0,0,0,0,0
"(V.7, N.10, P.1, 2024)",0,0,0,0,0,0,0,0,0,0,0,0,0,0,0,0,0,0,0,0,0,0,0,0,0,0,0,0,0,0,0,0,0,0,0,0,0,0,0,0,0,0,0,0,0,0,0,0,0,0,0,0,0,0,0,0,0
"(V.7, N.10, P.2, 2024)",0,0,0,0,0,0,0,0,0,0,0,0,0,0,0,0,0,0,0,0,0,0,0,0,0,0,0,0,0,0,0,0,0,0,0,0,0,0,0,0,0,0,0,0,0,0,0,0,0,0,0,0,0,0,0,0,0
"(V.7, N.10, P.3, 2024)",0,0,0,0,0,0,0,0,0,0,0,0,0,0,0,0,0,0,0,0,0,0,0,0,0,0,0,0,0,0,0,0,0,0,0,0,0,0,0,0,0,0,0,0,0,0,0,0,0,0,0,0,0,0,0,0,0
"(V.7, N.10, P.4, 2024)",0,0,0,0,0,0,0,0,0,0,0,0,0,0,0,0,0,0,0,0,0,0,0,0,0,0,0,0,0,0,0,0,0,0,0,0,0,0,0,0,0,0,0,0,0,0,0,0,0,0,0,0,0,0,0,0,0
"(V.7, N.11, P.1, 2024)",0,0,0,0,0,0,0,0,0,0,0,0,0,0,0,0,0,0,0,0,0,0,0,0,0,0,0,0,0,0,0,0,0,0,0,0,0,0,0,0,0,0,0,0,0,0,0,0,0,0,0,0,0,0,0,0,0
"(V.7, N.11, P.2, 2024)",0,0,0,0,0,0,0,0,0,0,0,0,0,0,0,0,0,0,0,0,0,0,0,0,0,0,0,0,0,0,0,0,0,0,0,0,0,0,0,0,0,0,0,0,0,0,0,0,0,0,0,0,0,0,0,0,0
"(V.7, N.11, P.3, 2024)",0,0,0,0,0,0,0,0,0,0,0,0,0,0,0,0,0,0,0,0,0,0,0,0,0,0,0,0,0,0,0,0,0,0,0,0,0,0,0,0,0,0,0,0,0,0,0,0,0,0,0,0,0,0,0,0,0
"(V.7, N.11, P.4, 2024)",0,0,0,0,0,0,0,0,0,0,0,0,0,0,0,0,0,0,0,0,0,0,0,0,0,0,0,0,0,0,0,0,0,0,0,0,0,0,0,0,0,0,0,0,0,0,0,0,0,0,0,0,0,0,0,0,0
"(V.7, N.12, P.1, 2024)",0,0,0,0,0,0,0,0,0,0,0,0,0,0,0,0,0,0,0,0,0,0,0,0,0,0,0,0,0,0,0,0,0,0,0,0,0,0,0,0,0,0,0,0,0,0,0,0,0,0,0,0,0,0,0,0,0
"(V.7, N.12, P.2, 2024)",0,0,0,0,0,0,0,0,0,0,0,0,0,0,0,0,0,0,0,0,0,0,0,0,0,0,0,0,0,0,0,0,0,0,0,0,0,0,0,0,0,0,0,0,0,0,0,0,0,0,0,0,0,0,0,0,0
"(V.7, N.12, P.3, 2024)",0,0,0,0,0,0,0,0,0,0,0,0,0,0,0,0,0,0,0,0,0,0,0,0,0,0,0,0,0,0,0,0,0,0,0,0,0,0,0,0,0,0,0,0,0,0,0,0,0,0,0,0,0,0,0,0,0
"(V.7, N.12, P.4, 2024)",0,0,0,0,0,0,0,0,0,0,0,0,0,0,0,0,0,0,0,0,0,0,0,0,0,0,0,0,0,0,0,0,0,0,0,0,0,0,0,0,0,0,0,0,0,0,0,0,0,0,0,0,0,0,0,0,0
"(V.7, N.12, P.5, 2024)",0,0,0,0,0,0,0,0,0,0,0,0,0,0,0,0,0,0,0,0,0,0,0,0,0,0,0,0,0,0,0,0,0,0,0,0,0,0,0,0,0,0,0,0,0,0,0,0,0,0,0,0,0,0,0,0,0
"(V.8, N.1, P.1, 2025)",0,0,0,0,0,0,0,0,0,0,0,0,0,0,0,0,0,0,0,0,0,0,0,0,0,0,0,0,0,0,0,0,0,0,0,0,0,0,0,0,0,0,0,0,0,0,0,0,0,0,0,0,0,0,0,0,0
"(V.8, N.1, P.2, 2025)",0,0,0,0,0,0,0,0,0,0,0,0,0,0,0,0,0,0,0,0,0,0,0,0,0,0,0,0,0,0,0,0,0,0,0,0,0,0,0,0,0,0,0,0,0,0,0,0,0,0,0,0,0,0,0,0,0
"(V.8, N.1, P.3, 2025)",0,0,0,0,0,0,0,0,0,0,0,0,0,0,0,0,0,0,0,0,0,0,0,0,0,0,0,0,0,0,0,0,0,0,0,0,0,0,0,0,0,0,0,0,0,0,0,0,0,0,0,0,0,0,0,0,0
"(V.8, N.1, P.4, 2025)",0,0,0,0,0,0,0,0,0,0,0,0,0,0,0,0,0,0,0,0,0,0,0,0,0,0,0,0,0,0,0,0,0,0,0,0,0,0,0,0,0,0,0,0,0,0,0,0,0,0,0,0,0,0,0,0,0
"(V.8, N.2, P.1, 2025)",0,0,0,0,0,0,0,0,0,0,0,0,0,0,0,0,0,0,0,0,0,0,0,0,0,0,0,0,0,0,0,0,0,0,0,0,0,0,0,0,0,0,0,0,0,0,0,0,0,0,0,0,0,0,0,0,0
"(V.8, N.2, P.2, 2025)",0,0,0,0,0,0,0,0,0,0,0,0,0,0,0,0,0,0,0,0,0,0,0,0,0,0,0,0,0,0,0,0,0,0,0,0,0,0,0,0,0,0,0,0,0,0,0,0,0,0,0,0,0,0,0,0,0
"(V.8, N.2, P.3, 2025)",0,0,0,0,0,0,0,0,0,0,0,0,0,0,0,0,0,0,0,0,0,0,0,0,0,0,0,0,0,0,0,0,0,0,0,0,0,0,0,0,0,0,0,0,0,0,0,0,0,0,0,0,0,0,0,0,0
"(V.8, N.2, P.4, 2025)",0,0,0,0,0,0,0,0,0,0,0,0,0,0,0,0,0,0,0,0,0,0,0,0,0,0,0,0,0,0,0,0,0,0,0,0,0,0,0,0,0,0,0,0,0,0,0,0,0,0,0,0,0,0,0,0,0
"(V.8, N.3, P.1, 2025)",0,0,0,0,0,0,0,0,0,0,0,0,0,0,0,0,0,0,0,0,0,0,0,0,0,0,0,0,0,0,0,0,0,0,0,0,0,0,0,0,0,0,0,0,0,0,0,0,0,0,0,0,0,0,0,0,0
"(V.8, N.3, P.2, 2025)",0,0,0,0,0,0,0,0,0,0,0,0,0,0,0,0,0,0,0,0,0,0,0,0,0,0,0,0,0,0,0,0,0,0,0,0,0,0,0,0,0,0,0,0,0,0,0,0,0,0,0,0,0,0,0,0,0
"(V.8, N.3, P.2, 2025)",0,0,0,0,0,0,0,0,0,0,0,0,0,0,0,0,0,0,0,0,0,0,0,0,0,0,0,0,0,0,0,0,0,0,0,0,0,0,0,0,0,0,0,0,0,0,0,0,0,0,0,0,0,0,0,0,0
"(V.8, N.3, P.3, 2025)",0,0,0,0,0,0,0,0,0,0,0,0,0,0,0,0,0,0,0,0,0,0,0,0,0,0,0,0,0,0,0,0,0,0,0,0,0,0,0,0,0,0,0,0,0,0,0,0,0,0,0,0,0,0,0,0,0
"(V.8, N.3, P.4, 2025)",0,0,0,0,0,0,0,0,0,0,0,0,0,0,0,0,0,0,0,0,0,0,0,0,0,0,0,0,0,0,0,0,0,0,0,0,0,0,0,0,0,0,0,0,0,0,0,0,0,0,0,0,0,0,0,0,0
"(V.8, N.4, P.1, 2025)",0,0,0,0,0,0,0,0,0,0,0,0,0,0,0,0,0,0,0,0,0,0,0,0,0,0,0,0,0,0,0,0,0,0,0,0,0,0,0,0,0,0,0,0,0,0,0,0,0,0,0,0,0,0,0,0,0
"(V.8, N.4, P.2, 2025)",0,0,0,0,0,0,0,0,0,0,0,0,0,0,0,0,0,0,0,0,0,0,0,0,0,0,0,0,0,0,0,0,0,0,0,0,0,0,0,0,0,0,0,0,0,0,0,0,0,0,0,0,0,0,0,0,0
"(V.8, N.4, P.3, 2025)",0,0,0,0,0,0,0,0,0,0,0,0,0,0,0,0,0,0,0,0,0,0,0,0,0,0,0,0,0,0,0,0,0,0,0,0,0,0,0,0,0,0,0,0,0,0,0,0,0,0,0,0,0,0,0,0,0
"(V.8, N.4, P.4, 2025)",0,0,0,0,0,0,0,0,0,0,0,0,0,0,0,0,0,0,0,0,0,0,0,0,0,0,0,0,0,0,0,0,0,0,0,0,0,0,0,0,0,0,0,0,0,0,0,0,0,0,0,0,0,0,0,0,0
"(V.8, N.5, P.1, 2025)",0,0,0,0,0,0,0,0,0,0,0,0,0,0,0,0,0,0,0,0,0,0,0,0,0,0,0,0,0,0,0,0,0,0,0,0,0,0,0,0,0,0,0,0,0,0,0,0,0,0,0,0,0,0,0,0,0
"(V.8, N.5, P.2, 2025)",0,0,0,0,0,0,0,0,0,0,0,0,0,0,0,0,0,0,0,0,0,0,0,0,0,0,0,0,0,0,0,0,0,0,0,0,0,0,0,0,0,0,0,0,0,0,0,0,0,0,0,0,0,0,0,0,0
"(V.8, N.5, P.3, 2025)",0,0,0,0,0,0,0,0,0,0,0,0,0,0,0,0,0,0,0,0,0,0,0,0,0,0,0,0,0,0,0,0,0,0,0,0,0,0,0,0,0,0,0,0,0,0,0,0,0,0,0,0,0,0,0,0,0
"(V.8, N.5, P.4, 2025)",0,0,0,0,0,0,0,0,0,0,0,0,0,0,0,0,0,0,0,0,0,0,0,0,0,0,0,0,0,0,0,0,0,0,0,0,0,0,0,0,0,0,0,0,0,0,0,0,0,0,0,0,0,0,0,0,0
"(V.8, N.6, P.1, 2025)",0,0,0,0,0,0,0,0,0,0,0,0,0,0,0,0,0,0,0,0,0,0,0,0,0,0,0,0,0,0,0,0,0,0,0,0,0,0,0,0,0,0,0,0,0,0,0,0,0,0,0,0,0,0,0,0,0
"(V.8, N.6, P.2, 2025)",0,0,0,0,0,0,0,0,0,0,0,0,0,0,0,0,0,0,0,0,0,0,0,0,0,0,0,0,0,0,0,0,0,0,0,0,0,0,0,0,0,0,0,0,0,0,0,0,0,0,0,0,0,0,0,0,0
"(V.8, N.6, P.3, 2025)",0,0,0,0,0,0,0,0,0,0,0,0,0,0,0,0,0,0,0,0,0,0,0,0,0,0,0,0,0,0,0,0,0,0,0,0,0,0,0,0,0,0,0,0,0,0,0,0,0,0,0,0,0,0,0,0,0
"(V.8, N.6, P.4, 2025)",0,0,0,0,0,0,0,0,0,0,0,0,0,0,0,0,0,0,0,0,0,0,0,0,0,0,0,0,0,0,0,0,0,0,0,0,0,0,0,0,0,0,0,0,0,0,0,0,0,0,0,0,0,0,0,0,0
"(V.8, N.6, P.5, 2025)",0,0,0,0,0,0,0,0,0,0,0,0,0,0,0,0,0,0,0,0,0,0,0,0,0,0,0,0,0,0,0,0,0,0,0,0,0,0,0,0,0,0,0,0,0,0,0,0,0,0,0,0,0,0,0,0,0
"(V.8, N.7, P.1, 2025)",0,0,0,0,0,0,0,0,0,0,0,0,0,0,0,0,0,0,0,0,0,0,0,0,0,0,0,0,0,0,0,0,0,0,0,0,0,0,0,0,0,0,0,0,0,0,0,0,0,0,0,0,0,0,0,0,0
"(V.8, N.7, P.2, 2025)",0,0,0,0,0,0,0,0,0,0,0,0,0,0,0,0,0,0,0,0,0,0,0,0,0,0,0,0,0,0,0,0,0,0,0,0,0,0,0,0,0,0,0,0,0,0,0,0,0,0,0,0,0,0,0,0,0
"(V.8, N.7, P.3, 2025)",0,0,0,0,0,0,0,0,0,0,0,0,0,0,0,0,0,0,0,0,0,0,0,0,0,0,0,0,0,0,0,0,0,0,0,0,0,0,0,0,0,0,0,0,0,0,0,0,0,0,0,0,0,0,0,0,0
"(V.8, N.7, P.4, 2025)",0,0,0,0,0,0,0,0,0,0,0,0,0,0,0,0,0,0,0,0,0,0,0,0,0,0,0,0,0,0,0,0,0,0,0,0,0,0,0,0,0,0,0,0,0,0,0,0,0,0,0,0,0,0,0,0,0
"(V.8, N.7, P.5, 2025)",0,0,0,0,0,0,0,0,0,0,0,0,0,0,0,0,0,0,0,0,0,0,0,0,0,0,0,0,0,0,0,0,0,0,0,0,0,0,0,0,0,0,0,0,0,0,0,0,0,0,0,0,0,0,0,0,0
"(V.8, N.8, P.1, 2025)",0,0,0,0,0,0,0,0,0,0,0,0,0,0,0,0,0,0,0,0,0,0,0,0,0,0,0,0,0,0,0,0,0,0,0,0,0,0,0,0,0,0,0,0,0,0,0,0,0,0,0,0,0,0,0,0,0
"(V.8, N.8, P.2, 2025)",0,0,0,0,0,0,0,0,0,0,0,0,0,0,0,0,0,0,0,0,0,0,0,0,0,0,0,0,0,0,0,0,0,0,0,0,0,0,0,0,0,0,0,0,0,0,0,0,0,0,0,0,0,0,0,0,0
"(V.8, N.8, P.3, 2025)",0,0,0,0,0,0,0,0,0,0,0,0,0,0,0,0,0,0,0,0,0,0,0,0,0,0,0,0,0,0,0,0,0,0,0,0,0,0,0,0,0,0,0,0,0,0,0,0,0,0,0,0,0,0,0,0,0
"(V.8, N.8, P.4, 2025)",0,0,0,0,0,0,0,0,0,0,0,0,0,0,0,0,0,0,0,0,0,0,0,0,0,0,0,0,0,0,0,0,0,0,0,0,0,0,0,0,0,0,0,0,0,0,0,0,0,0,0,0,0,0,0,0,0
"(V.8, N.8, P.5, 2025)",0,0,0,0,0,0,0,0,0,0,0,0,0,0,0,0,0,0,0,0,0,0,0,0,0,0,0,0,0,0,0,0,0,0,0,0,0,0,0,0,0,0,0,0,0,0,0,0,0,0,0,0,0,0,0,0,0
"(V.8, N.9, P.1, 2025)",0,0,0,0,0,0,0,0,0,0,0,0,0,0,0,0,0,0,0,0,0,0,0,0,0,0,0,0,0,0,0,0,0,0,0,0,0,0,0,0,0,0,0,0,0,0,0,0,0,0,0,0,0,0,0,0,0
"(V.8, N.9, P.2, 2025)",0,0,0,0,0,0,0,0,0,0,0,0,0,0,0,0,0,0,0,0,0,0,0,0,0,0,0,0,0,0,0,0,0,0,0,0,0,0,0,0,0,0,0,0,0,0,0,0,0,0,0,0,0,0,0,0,0
"(V.8, N.9, P.3, 2025)",0,0,0,0,0,0,0,0,0,0,0,0,0,0,0,0,0,0,0,0,0,0,0,0,0,0,0,0,0,0,0,0,0,0,0,0,0,0,0,0,0,0,0,0,0,0,0,0,0,0,0,0,0,0,0,0,0
"(V.8, N.9, P.4, 2025)",0,0,0,0,0,0,0,0,0,0,0,0,0,0,0,0,0,0,0,0,0,0,0,0,0,0,0,0,0,0,0,0,0,0,0,0,0,0,0,0,0,0,0,0,0,0,0,0,0,0,0,0,0,0,0,0,0
"(V.8, N.9, P.5, 2025)",0,0,0,0,0,0,0,0,0,0,0,0,0,0,0,0,0,0,0,0,0,0,0,0,0,0,0,0,0,0,0,0,0,0,0,0,0,0,0,0,0,0,0,0,0,0,0,0,0,0,0,0,0,0,0,0,0
"(V.8, N.9, P.6, 2025)",0,0,0,0,0,0,0,0,0,0,0,0,0,0,0,0,0,0,0,0,0,0,0,0,0,0,0,0,0,0,0,0,0,0,0,0,0,0,0,0,0,0,0,0,0,0,0,0,0,0,0,0,0,0,0,0,0
"(V.8, N.10, P.1, 2025)",0,0,0,0,0,0,0,0,0,0,0,0,0,0,0,0,0,0,0,0,0,0,0,0,0,0,0,0,0,0,0,0,0,0,0,0,0,0,0,0,0,0,0,0,0,0,0,0,0,0,0,0,0,0,0,0,0
"(V.8, N.10, P.2, 2025)",0,0,0,0,0,0,0,0,0,0,0,0,0,0,0,0,0,0,0,0,0,0,0,0,0,0,0,0,0,0,0,0,0,0,0,0,0,0,0,0,0,0,0,0,0,0,0,0,0,0,0,0,0,0,0,0,0
"(V.8, N.10, P.3, 2025)",0,0,0,0,0,0,0,0,0,0,0,0,0,0,0,0,0,0,0,0,0,0,0,0,0,0,0,0,0,0,0,0,0,0,0,0,0,0,0,0,0,0,0,0,0,0,0,0,0,0,0,0,0,0,0,0,0
"(V.8, N.10, P.4, 2025)",0,0,0,0,0,0,0,0,0,0,0,0,0,0,0,0,0,0,0,0,0,0,0,0,0,0,0,0,0,0,0,0,0,0,0,0,0,0,0,0,0,0,0,0,0,0,0,0,0,0,0,0,0,0,0,0,0
